,index,Tournament,Location,Year,Player,Last T1 Finish,Last T2 Finish,Last T3 Finish,Month,Previous_Year_Position,Days_Since_Last_Tournament,Position_ma_2,Position_std_2,TOPAR_trend_2,Position_ma_3,Position_std_3,TOPAR_trend_3,Position_ma_5,Position_std_5,TOPAR_trend_5,Position_momentum_3,Cut_streak,Early_Rounds_Avg,Last_3_Early_Rounds_Avg,Position_Trend,Win_Ratio_5,Top10_Ratio_5,Win_Ratio_10,Top10_Ratio_10,Win_Ratio_20,Top10_Ratio_20,Preds
0,7184,RBC Canadian Open,"TPC Toronto at Osprey Valley (North Course) - Caledon, ON",2025,Lee Hodges,53.0,100.0,100.0,6,100.0,14.0,76.5,33.23401871576773,14.0,84.33333333333333,27.135462651912427,18.333333333333332,90.6,21.019038988497964,21.8,-6.266666666666666,1,69.5,71.5,-4.700000000000012,0.0,0.0,0.0,0.1,0.0,0.1,70.36817542942819
1,7407,RBC Canadian Open,"TPC Toronto at Osprey Valley (North Course) - Caledon, ON",2025,Luke List,36.0,67.0,100.0,6,100.0,14.0,51.5,21.920310216782973,1.5,67.66666666666667,32.005207909547046,10.0,80.6,28.736736070750975,16.8,-12.933333333333323,2,70.0,70.16666666666667,-6.400000000000005,0.0,0.0,0.0,0.0,0.0,0.0,70.72714417544755
2,12013,RBC Canadian Open,"TPC Toronto at Osprey Valley (North Course) - Caledon, ON",2025,Tim Widing,52.0,100.0,100.0,6,100.0,28.0,76.0,33.94112549695428,12.0,84.0,27.712812921102042,17.0,90.4,21.46625258399798,21.0,-6.400000000000006,1,67.5,71.5,-4.800000000000009,0.0,0.0,0.0,0.0,0.0,0.0,70.82761205083322
3,3310,RBC Canadian Open,"TPC Toronto at Osprey Valley (North Course) - Caledon, ON",2025,Cristobal Del Solar,31.0,100.0,100.0,6,100.0,28.0,65.5,48.79036790187178,10.0,77.0,39.837168574084174,15.666666666666666,86.2,30.857738089497097,20.2,-9.200000000000003,1,66.0,71.5,-6.9000000000000075,0.0,0.0,0.0,0.0,0.0,0.0,70.82761205083322
4,4184,RBC Canadian Open,"TPC Toronto at Osprey Valley (North Course) - Caledon, ON",2025,Eric Cole,44.0,28.0,41.0,6,100.0,7.0,36.0,11.313708498984761,2.5,37.666666666666664,8.504900548115302,2.3333333333333335,30.4,15.501612819316533,-2.8,7.266666666666666,9,72.0,69.16666666666667,13.499999999999998,0.0,0.2,0.0,0.1,0.0,0.1,72.16989388721285
5,12150,RBC Canadian Open,"TPC Toronto at Osprey Valley (North Course) - Caledon, ON",2025,Tom Kim,44.0,71.0,54.0,6,4.0,14.0,57.5,19.091883092036785,4.0,56.333333333333336,13.650396819628815,2.0,64.2,22.297981971469973,8.4,-7.866666666666667,3,69.0,70.16666666666667,-1.0000000000000075,0.0,0.0,0.0,0.0,0.0,0.1,72.53759868480024
6,659,RBC Canadian Open,"TPC Toronto at Osprey Valley (North Course) - Caledon, ON",2025,Alex Noren,39.0,17.0,51.0,6,100.0,7.0,28.0,15.556349186104045,2.0,35.666666666666664,17.24335620850344,1.0,29.2,16.798809481626925,-1.8,6.466666666666665,7,74.0,68.33333333333333,17.0,0.0,0.2,0.0,0.2,0.0,0.2,73.22168351058919
7,4366,RBC Canadian Open,"TPC Toronto at Osprey Valley (North Course) - Caledon, ON",2025,Frankie Capan III,77.0,100.0,100.0,6,100.0,14.0,88.5,16.263455967290593,17.5,92.33333333333333,13.279056191361407,20.666666666666668,95.4,10.285912696499045,23.2,-3.066666666666677,1,69.5,71.33333333333333,-2.300000000000008,0.0,0.0,0.0,0.0,0.0,0.0,73.75157838560868
8,7738,RBC Canadian Open,"TPC Toronto at Osprey Valley (North Course) - Caledon, ON",2025,Mason Andersen,37.0,100.0,63.0,6,100.0,28.0,68.5,44.54772721475249,11.0,66.66666666666667,31.659648345067474,7.666666666666667,72.2,27.362382937163936,9.4,-5.533333333333331,1,69.0,71.66666666666667,-2.6000000000000156,0.0,0.0,0.0,0.0,0.0,0.0,73.75157838560868
9,1771,RBC Canadian Open,"TPC Toronto at Osprey Valley (North Course) - Caledon, ON",2025,Brandt Snedeker,7.0,100.0,100.0,6,100.0,7.0,53.5,65.76093065034893,13.0,69.0,53.693575034635195,17.666666666666668,72.8,41.22741806128538,16.6,-3.799999999999997,1,74.0,72.0,-9.300000000000004,0.0,0.2,0.0,0.2,0.0,0.1,74.67169089580197
10,9987,RBC Canadian Open,"TPC Toronto at Osprey Valley (North Course) - Caledon, ON",2025,Roger Sloan,12.0,100.0,52.0,6,100.0,300.0,56.0,62.22539674441618,8.0,54.666666666666664,44.06056437828881,2.0,51.2,33.25206760488738,-2.2,3.4666666666666615,1,67.5,68.83333333333333,3.7999999999999963,0.0,0.0,0.0,0.0,0.0,0.0,74.67895828332726
11,9236,RBC Canadian Open,"TPC Toronto at Osprey Valley (North Course) - Caledon, ON",2025,Patrick Rodgers,28.0,100.0,42.0,6,100.0,14.0,64.0,50.91168824543142,12.0,56.666666666666664,38.17503547258777,7.0,45.4,32.52383741196598,0.2,11.266666666666666,1,69.0,71.0,15.599999999999996,0.0,0.0,0.0,0.0,0.0,0.05,74.89698850015
12,8955,RBC Canadian Open,"TPC Toronto at Osprey Valley (North Course) - Caledon, ON",2025,Nicolai Højgaard,41.0,56.0,100.0,6,35.0,21.0,48.5,10.606601717798213,-2.0,65.66666666666667,30.664855018951805,7.666666666666667,79.4,28.701916312330088,15.4,-13.733333333333334,2,70.5,71.33333333333333,-5.900000000000008,0.0,0.0,0.0,0.1,0.0,0.05,75.44387084536108
13,2609,RBC Canadian Open,"TPC Toronto at Osprey Valley (North Course) - Caledon, ON",2025,Carson Young,53.0,13.0,100.0,6,14.0,14.0,33.0,28.284271247461902,-5.0,55.333333333333336,43.546909572704806,5.666666666666667,61.2,38.24526114435618,9.2,-5.866666666666667,2,68.0,70.16666666666667,-4.700000000000008,0.0,0.0,0.0,0.1,0.0,0.1,75.44387084536108
14,4031,RBC Canadian Open,"TPC Toronto at Osprey Valley (North Course) - Caledon, ON",2025,Dylan Wu,70.0,45.0,100.0,6,100.0,14.0,57.5,17.67766952966369,0.0,71.66666666666667,27.537852736430526,9.0,54.4,32.776515983246306,1.2,17.266666666666673,2,70.0,68.33333333333333,14.600000000000001,0.0,0.0,0.0,0.0,0.0,0.05,75.95634524921384
15,1446,RBC Canadian Open,"TPC Toronto at Osprey Valley (North Course) - Caledon, ON",2025,Ben Silverman,70.0,20.0,100.0,6,35.0,14.0,45.0,35.35533905932738,-3.0,63.333333333333336,40.4145188432738,7.0,78.0,34.92849839314596,15.0,-14.666666666666664,2,69.5,70.16666666666667,-3.0000000000000107,0.0,0.0,0.0,0.0,0.0,0.0,76.15873045587784
16,438,RBC Canadian Open,"TPC Toronto at Osprey Valley (North Course) - Caledon, ON",2025,Adam Svensson,46.0,59.0,100.0,6,51.0,14.0,52.5,9.192388155425117,-1.0,68.33333333333333,28.183919765237288,13.0,55.2,28.048172846016193,5.25,13.133333333333326,2,68.5,69.16666666666667,9.799999999999999,0.0,0.0,0.0,0.0,0.0,0.05,76.55912949877306
17,12876,RBC Canadian Open,"TPC Toronto at Osprey Valley (North Course) - Caledon, ON",2025,Will Chandler,76.0,27.0,100.0,6,100.0,14.0,51.5,34.64823227814083,-0.5,67.66666666666667,37.20663023351259,8.666666666666666,65.8,37.19139685464906,9.2,1.8666666666666742,2,70.0,68.0,12.399999999999995,0.0,0.0,0.0,0.0,0.0,0.07142857142857142,76.86371199629264
18,11519,RBC Canadian Open,"TPC Toronto at Osprey Valley (North Course) - Caledon, ON",2025,Sungjae Im,16.0,100.0,23.0,6,100.0,7.0,58.0,59.39696961966999,14.0,46.333333333333336,46.608296829355744,7.333333333333333,36.6,36.39093293665333,-0.2,9.733333333333334,1,72.5,69.5,12.699999999999996,0.0,0.0,0.0,0.1,0.0,0.2,77.31371030535242
19,9806,RBC Canadian Open,"TPC Toronto at Osprey Valley (North Course) - Caledon, ON",2025,Rico Hoey,66.0,100.0,7.0,6,100.0,14.0,83.0,24.041630560342615,15.0,57.666666666666664,47.056703383612984,6.0,47.4,38.79175170058708,0.2,10.266666666666666,1,70.0,71.33333333333333,15.499999999999993,0.0,0.2,0.0,0.1,0.0,0.1,77.47054107384338
20,3289,RBC Canadian Open,"TPC Toronto at Osprey Valley (North Course) - Caledon, ON",2025,Corey Conners,25.0,19.0,11.0,6,6.0,7.0,22.0,4.242640687119285,1.0,18.333333333333332,7.0237691685685055,-2.3333333333333335,22.4,16.303373883954198,-3.2,-4.066666666666666,12,73.0,70.0,11.6,0.0,0.2,0.0,0.4,0.0,0.35,77.80717268272029
21,8971,RBC Canadian Open,"TPC Toronto at Osprey Valley (North Course) - Caledon, ON",2025,Niklas Norgaard,100.0,5.0,33.0,6,100.0,21.0,52.5,67.17514421272202,7.0,46.0,48.8159809898357,0.6666666666666666,67.6,45.456572682066565,11.2,-21.599999999999994,0,72.5,69.33333333333333,6.6999999999999975,0.0,0.2,0.0,0.1,0.0,0.08333333333333333,78.29357160203915
22,10272,RBC Canadian Open,"TPC Toronto at Osprey Valley (North Course) - Caledon, ON",2025,Ryan Fox,20.0,28.0,1.0,6,7.0,7.0,24.0,5.656854249492381,0.5,16.333333333333332,13.868429375143142,-4.666666666666667,33.6,25.598828098176682,-4.75,-17.26666666666667,5,72.0,68.33333333333333,9.899999999999997,0.2,0.2,0.1,0.1,0.05,0.1,78.65011625164819
23,11965,RBC Canadian Open,"TPC Toronto at Osprey Valley (North Course) - Caledon, ON",2025,Thorbjørn Olesen,46.0,33.0,7.0,6,27.0,14.0,39.5,9.192388155425117,9.0,28.666666666666668,19.8578280114753,-12.0,24.0,17.606816861659023,-9.666666666666666,4.666666666666668,5,69.5,68.66666666666667,18.1,0.0,0.4,0.0,0.2,0.0,0.1,78.88073161919567
24,1219,RBC Canadian Open,"TPC Toronto at Osprey Valley (North Course) - Caledon, ON",2025,Beau Hossler,59.0,19.0,100.0,6,14.0,14.0,39.0,28.284271247461902,0.0,59.333333333333336,40.501028793517534,9.0,60.6,28.74543442009532,6.4,-1.2666666666666657,2,68.5,70.66666666666667,2.9,0.0,0.0,0.0,0.0,0.0,0.0,79.38092679712682
25,6565,RBC Canadian Open,"TPC Toronto at Osprey Valley (North Course) - Caledon, ON",2025,Keith Mitchell,36.0,100.0,7.0,6,10.0,14.0,68.0,45.254833995939045,12.5,47.666666666666664,47.58501164582535,5.0,31.4,40.50678955434508,-0.2,16.266666666666666,1,70.0,67.66666666666667,22.5,0.0,0.4,0.0,0.2,0.0,0.15,79.43836407475895
26,10455,RBC Canadian Open,"TPC Toronto at Osprey Valley (North Course) - Caledon, ON",2025,Ryo Hisatsune,6.0,37.0,37.0,6,35.0,14.0,21.5,21.920310216782973,-3.0,26.666666666666668,17.897858344878525,-3.6666666666666665,39.6,36.25327571406479,1.4,-12.933333333333334,3,66.5,70.16666666666667,-3.1000000000000085,0.0,0.2,0.0,0.3,0.0,0.25,79.46695190301605
27,11842,RBC Canadian Open,"TPC Toronto at Osprey Valley (North Course) - Caledon, ON",2025,Taylor Pendrith,12.0,5.0,65.0,6,21.0,7.0,8.5,4.949747468305833,-5.0,27.333333333333332,32.807519463277465,-1.0,44.8,39.12416133286438,5.0,-17.466666666666665,3,72.5,68.83333333333333,-5.300000000000007,0.0,0.2,0.0,0.2,0.0,0.25,79.72583016054325
28,8085,RBC Canadian Open,"TPC Toronto at Osprey Valley (North Course) - Caledon, ON",2025,Matthieu Pavon,100.0,41.0,54.0,6,100.0,7.0,70.5,41.71930009000631,14.5,65.0,30.999999999999986,14.5,67.4,30.196026228628174,12.75,-2.4000000000000057,0,75.0,70.33333333333333,16.199999999999996,0.0,0.0,0.0,0.0,0.0,0.05,80.05117387742465
29,12645,RBC Canadian Open,"TPC Toronto at Osprey Valley (North Course) - Caledon, ON",2025,Victor Perez,75.0,100.0,13.0,6,3.0,14.0,87.5,17.67766952966369,16.5,62.666666666666664,44.79211240088297,7.333333333333333,69.6,35.96248044837841,8.8,-6.93333333333333,1,68.5,69.83333333333333,14.199999999999996,0.0,0.0,0.0,0.0,0.0,0.1,80.42244160919577
30,8696,RBC Canadian Open,"TPC Toronto at Osprey Valley (North Course) - Caledon, ON",2025,Nick Dunlap,44.0,100.0,69.0,6,100.0,7.0,72.0,39.59797974644666,17.5,71.0,28.05352027821109,14.333333333333334,76.8,23.700210969525155,15.2,-5.799999999999997,1,74.0,72.83333333333333,3.299999999999994,0.0,0.0,0.0,0.0,0.0,0.15,80.42244160919577
31,11916,RBC Canadian Open,"TPC Toronto at Osprey Valley (North Course) - Caledon, ON",2025,Thomas Detry,39.0,100.0,30.0,6,100.0,7.0,69.5,43.1335136523794,17.0,56.333333333333336,38.08324215889891,9.666666666666666,60.2,36.48561360317242,9.8,-3.866666666666667,1,74.0,69.66666666666667,14.499999999999998,0.0,0.0,0.0,0.0,0.05,0.1,80.42244160919577
32,4771,RBC Canadian Open,"TPC Toronto at Osprey Valley (North Course) - Caledon, ON",2025,Harrison Endycott,100.0,100.0,100.0,6,100.0,35.0,100.0,0.0,27.0,100.0,0.0,27.0,100.0,3.371747880871523e-07,27.0,0.0,0,72.5,71.0,-1.0687775062317507e-14,0.0,0.0,0.0,0.0,0.0,0.05,80.71948925941926
33,9359,RBC Canadian Open,"TPC Toronto at Osprey Valley (North Course) - Caledon, ON",2025,Paul Peterson,100.0,100.0,100.0,6,100.0,28.0,100.0,0.0,27.0,100.0,0.0,27.0,100.0,0.0,27.0,0.0,0,71.5,71.5,-1.0687775062317507e-14,0.0,0.0,0.0,0.0,0.0,0.08333333333333333,80.71948925941926
34,12924,RBC Canadian Open,"TPC Toronto at Osprey Valley (North Course) - Caledon, ON",2025,Will Gordon,100.0,5.0,100.0,6,100.0,14.0,52.5,67.17514421272202,5.0,68.33333333333333,54.84827557301445,12.333333333333334,81.0,42.48529157249601,18.2,-12.666666666666671,0,72.0,70.33333333333333,-8.280955712415896e-15,0.0,0.2,0.0,0.2,0.0,0.1,81.09911426887592
35,6732,RBC Canadian Open,"TPC Toronto at Osprey Valley (North Course) - Caledon, ON",2025,Kevin Roy,46.0,54.0,15.0,6,100.0,14.0,50.0,5.656854249492381,-2.0,38.333333333333336,20.599352740640498,-8.5,37.2,14.989996664442591,-5.25,1.1333333333333329,5,69.5,69.16666666666667,16.9,0.0,0.0,0.0,0.1,0.0,0.05,81.11527256167217
36,6189,RBC Canadian Open,"TPC Toronto at Osprey Valley (North Course) - Caledon, ON",2025,Justin Lower,100.0,60.0,100.0,6,100.0,14.0,80.0,28.284271247461902,16.5,86.66666666666667,23.094010767585033,20.0,78.2,31.562636138320272,16.2,8.466666666666669,0,71.0,70.16666666666667,-9.617814721297088e-15,0.0,0.0,0.0,0.0,0.0,0.05,81.52852844648987
37,6421,RBC Canadian Open,"TPC Toronto at Osprey Valley (North Course) - Caledon, ON",2025,Kaito Onishi,100.0,100.0,18.0,6,100.0,28.0,100.0,0.0,27.0,72.66666666666667,47.34272207354931,15.0,83.6,36.67151483099655,19.8,-10.933333333333323,0,74.0,69.83333333333333,8.199999999999992,0.0,0.0,0.0,0.0,0.0,0.0,81.73418447028008
38,3478,RBC Canadian Open,"TPC Toronto at Osprey Valley (North Course) - Caledon, ON",2025,David Hearn,100.0,100.0,69.0,6,69.0,49.0,100.0,0.0,27.0,89.66666666666667,17.8978583448784,20.666666666666668,93.8,13.863621460498695,23.2,-4.133333333333326,0,74.5,70.16666666666667,3.0999999999999863,0.0,0.0,0.0,0.0,0.0,0.0,81.73418447028008
39,57,RBC Canadian Open,"TPC Toronto at Osprey Valley (North Course) - Caledon, ON",2025,Aaron Baddeley,100.0,100.0,26.0,6,100.0,28.0,100.0,0.0,27.0,75.33333333333333,42.723919920032294,15.666666666666666,85.2,33.093806066996876,20.2,-9.866666666666674,0,73.5,71.0,7.399999999999996,0.0,0.0,0.0,0.0,0.0,0.0,81.73418447028008
40,1648,RBC Canadian Open,"TPC Toronto at Osprey Valley (North Course) - Caledon, ON",2025,Braden Thornberry,100.0,100.0,41.0,6,100.0,28.0,100.0,0.0,27.0,80.33333333333333,34.06366588218792,17.0,88.2,26.385602134497518,21.0,-7.866666666666674,0,70.5,71.0,5.899999999999991,0.0,0.0,0.0,0.0,0.0,0.0,81.73418447028008
41,3421,RBC Canadian Open,"TPC Toronto at Osprey Valley (North Course) - Caledon, ON",2025,Danny Walker,100.0,34.0,25.0,6,100.0,14.0,67.0,46.66904755831214,10.5,53.0,40.951190458886536,2.3333333333333335,58.0,38.47726601514198,5.6,-5.0,0,71.5,67.83333333333333,21.299999999999997,0.0,0.0,0.0,0.1,0.0,0.07692307692307693,81.78364879083726
42,3454,RBC Canadian Open,"TPC Toronto at Osprey Valley (North Course) - Caledon, ON",2025,Danny Willett,100.0,37.0,42.0,6,100.0,14.0,68.5,44.54772721475249,11.0,59.666666666666664,35.01904243884081,8.666666666666666,65.2,31.964042297556798,10.8,-5.5333333333333385,0,73.5,70.33333333333333,5.79999999999999,0.0,0.0,0.0,0.1,0.0,0.1,81.78364879083726
43,6066,RBC Canadian Open,"TPC Toronto at Osprey Valley (North Course) - Caledon, ON",2025,Joseph Bramlett,100.0,13.0,39.0,6,51.0,14.0,56.5,61.518289963229634,8.0,50.666666666666664,44.657959350303194,1.6666666666666667,58.0,39.73034105063786,5.6,-7.333333333333336,0,72.0,68.33333333333333,18.499999999999996,0.0,0.0,0.0,0.1,0.0,0.05,81.78364879083726
44,6436,RBC Canadian Open,"TPC Toronto at Osprey Valley (North Course) - Caledon, ON",2025,Karl Vilips,11.0,100.0,49.0,6,100.0,14.0,55.5,62.932503525602726,10.5,53.333333333333336,44.657959350303194,4.333333333333333,62.8,37.81137395017536,7.4,-9.466666666666661,1,68.0,71.0,5.399999999999995,0.0,0.0,0.1,0.1,0.09090909090909091,0.09090909090909091,82.15491652260839
45,7109,RBC Canadian Open,"TPC Toronto at Osprey Valley (North Course) - Caledon, ON",2025,Lanto Griffin,100.0,100.0,100.0,6,51.0,14.0,100.0,0.0,27.0,100.0,8.259061849445711e-07,27.0,88.0,26.83281572999749,22.0,12.0,0,72.5,70.25,-1.0687775062317507e-14,0.0,0.0,0.0,0.0,0.0,0.1,82.24578270261213
46,12360,RBC Canadian Open,"TPC Toronto at Osprey Valley (North Course) - Caledon, ON",2025,Trevor Cone,100.0,100.0,100.0,6,100.0,28.0,100.0,0.0,27.0,100.0,4.76837158203125e-07,27.0,90.4,21.466252583997974,20.6,9.599999999999994,0,71.0,71.33333333333333,-1.0687775062317507e-14,0.0,0.0,0.0,0.0,0.0,0.05,82.24578270261213
47,3620,RBC Canadian Open,"TPC Toronto at Osprey Valley (North Course) - Caledon, ON",2025,David Skinns,100.0,52.0,24.0,6,21.0,28.0,76.0,33.94112549695428,10.0,58.666666666666664,38.43609414773221,4.0,65.6,33.418557718728664,6.8,-6.93333333333333,0,70.5,69.5,7.5999999999999925,0.0,0.0,0.0,0.0,0.0,0.0,82.28852218686882
48,11937,RBC Canadian Open,"TPC Toronto at Osprey Valley (North Course) - Caledon, ON",2025,Thomas Rosenmueller,100.0,52.0,12.0,6,100.0,28.0,76.0,33.94112549695428,10.0,54.666666666666664,44.060564378288824,3.3333333333333335,72.8,39.83967871356394,12.8,-18.133333333333333,0,71.0,69.33333333333333,8.799999999999992,0.0,0.0,0.0,0.0,0.0,0.0,82.28852218686882
49,9584,RBC Canadian Open,"TPC Toronto at Osprey Valley (North Course) - Caledon, ON",2025,Rafael Campos,100.0,55.0,45.0,6,100.0,14.0,77.5,31.81980515339464,16.0,66.66666666666667,29.297326385411548,9.333333333333334,73.4,25.500980373311123,10.8,-6.733333333333334,0,74.0,69.16666666666667,12.099999999999998,0.0,0.0,0.0,0.0,0.0,0.0,82.28852218686882
50,1351,RBC Canadian Open,"TPC Toronto at Osprey Valley (North Course) - Caledon, ON",2025,Ben Kohles,100.0,37.0,52.0,6,100.0,14.0,68.5,44.54772721475249,11.0,63.0,32.908965343808696,5.0,69.6,28.866936103438483,10.5,-6.599999999999994,0,70.5,69.5,12.999999999999996,0.0,0.0,0.0,0.0,0.0,0.0,82.28852218686882
51,2816,RBC Canadian Open,"TPC Toronto at Osprey Valley (North Course) - Caledon, ON",2025,Charley Hoffman,100.0,100.0,9.0,6,100.0,14.0,100.0,0.0,27.0,69.66666666666667,52.53887449625594,14.333333333333334,74.6,39.84720818325922,13.6,-4.933333333333323,0,74.5,69.0,9.099999999999993,0.0,0.2,0.0,0.1,0.0,0.1,82.80097998013206
52,326,RBC Canadian Open,"TPC Toronto at Osprey Valley (North Course) - Caledon, ON",2025,Adam Schenk,100.0,100.0,5.0,6,100.0,14.0,100.0,0.0,27.0,68.33333333333333,54.84827557301447,12.333333333333334,81.0,42.485291572496,18.2,-12.666666666666671,0,74.0,71.0,9.499999999999995,0.0,0.2,0.0,0.1,0.0,0.1,82.80097998013206
53,5564,RBC Canadian Open,"TPC Toronto at Osprey Valley (North Course) - Caledon, ON",2025,Jesper Svensson,46.0,61.0,100.0,6,100.0,14.0,53.5,10.606601717798213,9.0,69.0,27.874719729532703,27.0,53.4,29.14275210065103,6.333333333333333,15.600000000000001,2,69.5,70.33333333333333,7.999999999999989,0.0,0.0,0.0,0.0,0.0,0.0625,82.82509868568275
54,5363,RBC Canadian Open,"TPC Toronto at Osprey Valley (North Course) - Caledon, ON",2025,Jake Knapp,100.0,100.0,39.0,6,100.0,14.0,100.0,0.0,27.0,79.66666666666667,35.218366420567186,14.333333333333334,73.2,36.94184619100674,12.2,6.466666666666669,0,71.0,71.5,6.099999999999996,0.0,0.0,0.0,0.1,0.0,0.05,82.92863527456134
55,7990,RBC Canadian Open,"TPC Toronto at Osprey Valley (North Course) - Caledon, ON",2025,Matteo Manassero,61.0,45.0,100.0,6,100.0,28.0,53.0,11.313708498984761,-10.0,68.66666666666667,28.290163190291665,8.5,69.0,29.419381366711303,9.25,-0.3333333333333286,2,69.0,69.66666666666667,8.29999999999999,0.0,0.0,0.0,0.0,0.0,0.0,83.03948059330807
56,4959,RBC Canadian Open,"TPC Toronto at Osprey Valley (North Course) - Caledon, ON",2025,Hayden Springer,77.0,65.0,100.0,6,100.0,14.0,71.0,8.48528137423857,5.0,80.66666666666667,17.785762095938818,12.333333333333334,59.6,32.78414250823102,4.6,21.06666666666667,2,70.0,70.16666666666667,9.499999999999991,0.0,0.0,0.0,0.1,0.0,0.15,83.27399748996959
57,2756,RBC Canadian Open,"TPC Toronto at Osprey Valley (North Course) - Caledon, ON",2025,Chandler Phillips,100.0,100.0,15.0,6,10.0,14.0,100.0,0.0,27.0,71.66666666666667,49.07477288111816,13.0,66.6,45.74713105758655,12.8,5.066666666666677,0,71.0,69.83333333333333,8.499999999999991,0.0,0.0,0.0,0.0,0.0,0.05,83.49051571741347
58,12421,RBC Canadian Open,"TPC Toronto at Osprey Valley (North Course) - Caledon, ON",2025,Trey Mullinax,100.0,29.0,100.0,6,100.0,14.0,64.5,50.204581464244875,7.0,76.33333333333333,40.99186911246343,13.666666666666666,65.8,33.29714702493294,8.0,10.533333333333331,0,71.0,68.16666666666667,12.199999999999998,0.0,0.0,0.0,0.0,0.0,0.05,83.58705905038624
59,9605,RBC Canadian Open,"TPC Toronto at Osprey Valley (North Course) - Caledon, ON",2025,Rasmus Højgaard,67.0,23.0,48.0,6,100.0,21.0,45.0,31.11269837220809,0.5,46.0,22.06807649071387,-2.6666666666666665,40.4,17.386776584519595,-3.0,5.600000000000001,5,71.0,68.0,15.499999999999998,0.0,0.0,0.0,0.0,0.0,0.0,83.71999117148438
60,5284,RBC Canadian Open,"TPC Toronto at Osprey Valley (North Course) - Caledon, ON",2025,Jackson Suber,53.0,100.0,100.0,6,100.0,14.0,76.5,33.23401871576773,14.0,84.33333333333333,27.1354626519124,18.333333333333332,84.0,22.46107744521621,16.8,0.3333333333333286,1,67.5,72.16666666666667,1.8999999999999946,0.0,0.0,0.0,0.0,0.0,0.06666666666666667,83.7277949407704
61,9156,RBC Canadian Open,"TPC Toronto at Osprey Valley (North Course) - Caledon, ON",2025,Patrick Fishburn,100.0,100.0,100.0,6,100.0,14.0,100.0,0.0,27.0,100.0,6.743495761743046e-07,27.0,81.0,42.48529157249601,20.8,19.0,0,72.0,71.83333333333333,-1.0687775062317507e-14,0.0,0.2,0.0,0.1,0.0,0.15,83.80855602916654
62,4102,RBC Canadian Open,"TPC Toronto at Osprey Valley (North Course) - Caledon, ON",2025,Emiliano Grillo,16.0,20.0,100.0,6,100.0,14.0,18.0,2.8284271247461903,-7.5,45.333333333333336,47.38494838377829,4.0,39.0,35.552777669262355,1.4,6.333333333333336,2,67.0,69.16666666666667,3.399999999999995,0.0,0.0,0.0,0.0,0.0,0.0,83.8765490734313
63,7976,RBC Canadian Open,"TPC Toronto at Osprey Valley (North Course) - Caledon, ON",2025,Matt Wallace,22.0,17.0,100.0,6,27.0,14.0,19.5,3.5355339059327378,-3.5,46.333333333333336,46.54388610046795,6.666666666666667,35.4,36.493835095807626,1.8,10.933333333333337,2,68.0,69.83333333333333,9.799999999999995,0.0,0.0,0.0,0.0,0.0,0.0,83.8765490734313
64,9534,RBC Canadian Open,"TPC Toronto at Osprey Valley (North Course) - Caledon, ON",2025,Quade Cummins,36.0,27.0,100.0,6,100.0,14.0,31.5,6.363961030678928,-5.0,54.333333333333336,39.80368492154129,5.666666666666667,47.4,29.837895368138817,3.0,6.933333333333337,2,68.0,69.5,5.399999999999998,0.0,0.0,0.0,0.0,0.0,0.0,83.8765490734313
65,6900,RBC Canadian Open,"TPC Toronto at Osprey Valley (North Course) - Caledon, ON",2025,Kevin Yu,100.0,50.0,4.0,6,42.0,14.0,75.0,35.35533905932738,15.5,51.333333333333336,48.01388688008225,5.666666666666667,56.6,42.834565481629426,6.2,-5.266666666666666,0,72.0,68.83333333333333,23.800000000000004,0.0,0.2,0.0,0.1,0.0,0.05,83.9083025602438
66,8145,RBC Canadian Open,"TPC Toronto at Osprey Valley (North Course) - Caledon, ON",2025,Matti Schmid,100.0,2.0,7.0,6,100.0,7.0,51.0,69.29646455628166,8.0,36.333333333333336,55.19359866264689,1.3333333333333333,43.6,51.54900581000569,4.0,-7.266666666666666,0,75.0,67.83333333333333,9.299999999999997,0.0,0.6,0.0,0.4,0.0,0.2,83.9083025602438
67,13083,RBC Canadian Open,"TPC Toronto at Osprey Valley (North Course) - Caledon, ON",2025,Wyndham Clark,56.0,50.0,63.0,6,100.0,7.0,53.0,4.242640687119285,8.5,56.333333333333336,6.506407098647743,6.333333333333333,48.4,13.575713609236168,3.2,7.933333333333337,6,74.5,69.66666666666667,13.899999999999997,0.0,0.0,0.0,0.1,0.0,0.2,83.92455626405125
68,8338,RBC Canadian Open,"TPC Toronto at Osprey Valley (North Course) - Caledon, ON",2025,Max McGreevy,66.0,100.0,45.0,6,100.0,14.0,83.0,24.041630560342615,15.0,70.33333333333333,27.75487945088813,8.666666666666666,55.0,31.152848986890433,1.8,15.333333333333329,1,68.5,70.66666666666667,19.1,0.0,0.0,0.0,0.0,0.0,0.05,83.95832678215737
69,6950,RBC Canadian Open,"TPC Toronto at Osprey Valley (North Course) - Caledon, ON",2025,Kris Ventura,16.0,100.0,100.0,6,100.0,14.0,58.0,59.39696961966999,11.0,72.0,48.49742261192856,16.333333333333332,69.4,42.235056528907364,14.0,2.5999999999999943,1,69.0,71.0,5.3999999999999915,0.0,0.0,0.0,0.0,0.0,0.06666666666666667,83.95832678215737
70,2161,RBC Canadian Open,"TPC Toronto at Osprey Valley (North Course) - Caledon, ON",2025,Byeong Hun An,100.0,74.0,34.0,6,100.0,7.0,87.0,18.384776310850235,20.0,69.33333333333333,33.24655370611118,12.0,61.2,27.151427218472364,5.0,8.133333333333326,0,77.5,69.5,14.599999999999994,0.0,0.0,0.0,0.1,0.0,0.05,84.03595785467309
71,5100,RBC Canadian Open,"TPC Toronto at Osprey Valley (North Course) - Caledon, ON",2025,Isaiah Salinda,100.0,56.0,100.0,6,100.0,14.0,78.0,31.11269837220809,10.5,85.33333333333333,25.403411844343573,16.0,67.0,36.864617182333525,8.8,18.33333333333333,0,70.0,69.33333333333333,17.800000000000004,0.0,0.0,0.0,0.1,0.0,0.08333333333333333,84.03595785467309
72,12998,RBC Canadian Open,"TPC Toronto at Osprey Valley (North Course) - Caledon, ON",2025,William Mouw,100.0,27.0,100.0,6,100.0,14.0,63.5,51.61879502661797,9.5,75.66666666666667,42.14656965084267,15.333333333333334,63.8,35.166745655519506,11.75,11.866666666666674,0,74.0,69.83333333333333,8.199999999999996,0.0,0.0,0.0,0.1,0.0,0.07142857142857142,84.03595785467309
73,9928,RBC Canadian Open,"TPC Toronto at Osprey Valley (North Course) - Caledon, ON",2025,Robert MacIntyre,20.0,6.0,47.0,6,1.0,7.0,13.0,9.899494936611665,-2.5,24.333333333333332,20.84066537645413,-0.6666666666666666,34.6,23.298068589477534,-1.4,-10.26666666666667,5,72.5,68.83333333333333,10.499999999999996,0.0,0.2,0.0,0.3,0.05,0.25,84.05773074679854
74,7004,RBC Canadian Open,"TPC Toronto at Osprey Valley (North Course) - Caledon, ON",2025,Kurt Kitayama,22.0,100.0,5.0,6,100.0,14.0,61.0,55.154328932550705,11.5,42.333333333333336,50.65899064661016,2.0,53.2,44.381302369353705,5.2,-10.866666666666667,1,68.0,70.66666666666667,1.699999999999994,0.0,0.2,0.0,0.1,0.0,0.1,84.0892698215369
75,10674,RBC Canadian Open,"TPC Toronto at Osprey Valley (North Course) - Caledon, ON",2025,Sam Burns,12.0,19.0,30.0,6,10.0,7.0,15.5,4.949747468305833,-2.0,20.333333333333332,9.073771725877414,-3.5,15.8,9.36482781475451,-8.5,4.533333333333331,6,70.5,68.66666666666667,17.200000000000003,0.0,0.2,0.0,0.1,0.0,0.2,84.14123985706696
76,4631,RBC Canadian Open,"TPC Toronto at Osprey Valley (North Course) - Caledon, ON",2025,Greyson Sigg,100.0,100.0,100.0,6,100.0,14.0,100.0,0.0,27.0,100.0,1.3486991523486091e-06,27.0,88.2,26.38560213449751,21.0,11.799999999999997,0,70.5,70.33333333333333,11.799999999999992,0.0,0.0,0.0,0.0,0.0,0.05,84.30191322840876
77,212,RBC Canadian Open,"TPC Toronto at Osprey Valley (North Course) - Caledon, ON",2025,Adam Hadwin,51.0,100.0,60.0,6,100.0,7.0,75.5,34.64823227814083,19.0,70.33333333333333,26.083200212652827,13.0,62.2,22.906331002585315,6.0,8.133333333333326,1,74.5,73.16666666666667,6.899999999999994,0.0,0.0,0.0,0.1,0.0,0.05,84.40722558644421
78,10741,RBC Canadian Open,"TPC Toronto at Osprey Valley (North Course) - Caledon, ON",2025,Sam Ryder,53.0,13.0,100.0,6,100.0,14.0,33.0,28.284271247461902,-5.0,55.333333333333336,43.54690957270485,5.666666666666667,53.4,31.785216689524095,3.2,1.9333333333333371,2,69.5,68.83333333333333,7.299999999999995,0.0,0.0,0.0,0.0,0.0,0.0,84.44817201512397
79,11388,RBC Canadian Open,"TPC Toronto at Osprey Valley (North Course) - Caledon, ON",2025,Steven Fisk,66.0,13.0,100.0,6,100.0,14.0,39.5,37.476659402887016,-4.0,59.666666666666664,43.84442191811102,6.333333333333333,62.4,39.19566302539096,9.4,-2.7333333333333343,2,69.0,70.0,9.999999999999996,0.0,0.0,0.0,0.1,0.0,0.07692307692307693,84.48562415897183
80,7325,RBC Canadian Open,"TPC Toronto at Osprey Valley (North Course) - Caledon, ON",2025,Luke Clanton,42.0,18.0,100.0,6,100.0,77.0,30.0,16.97056274847714,-12.0,53.333333333333336,42.15843134336634,7.5,55.0,42.391036788453285,10.25,-1.6666666666666643,2,71.5,69.33333333333333,11.199999999999994,0.0,0.0,0.0,0.3,0.0,0.2727272727272727,84.48562415897183
81,4492,RBC Canadian Open,"TPC Toronto at Osprey Valley (North Course) - Caledon, ON",2025,Gary Woodland,11.0,100.0,34.0,6,51.0,14.0,55.5,62.932503525602726,10.5,48.333333333333336,46.19884558442271,5.666666666666667,49.2,33.521634805003174,3.4,-0.8666666666666671,1,69.5,69.83333333333333,5.499999999999994,0.0,0.0,0.0,0.1,0.0,0.05,84.68229726173548
82,7866,RBC Canadian Open,"TPC Toronto at Osprey Valley (North Course) - Caledon, ON",2025,Matt McCarty,100.0,100.0,15.0,6,100.0,14.0,100.0,0.0,27.0,71.66666666666667,49.074772881118186,13.0,56.2,42.815884902685355,6.2,15.466666666666669,0,70.5,69.83333333333333,25.7,0.0,0.0,0.0,0.0,0.0,0.0,84.80633548635267
83,4526,RBC Canadian Open,"TPC Toronto at Osprey Valley (North Course) - Caledon, ON",2025,Gordon Sargent,100.0,100.0,57.0,6,100.0,322.0,100.0,0.0,27.0,85.66666666666667,24.826061575153908,15.666666666666666,79.2,29.183899670880177,15.6,6.466666666666669,0,77.5,71.83333333333333,4.299999999999989,0.0,0.0,0.0,0.0,0.0,0.0,84.80633548635267
84,8015,RBC Canadian Open,"TPC Toronto at Osprey Valley (North Course) - Caledon, ON",2025,Matthew Riedel,100.0,100.0,70.0,6,100.0,28.0,100.0,0.0,27.0,90.0,17.320508075688764,20.0,76.6,22.28901074520806,12.2,13.400000000000006,0,72.0,71.5,12.59999999999999,0.0,0.0,0.0,0.0,0.0,0.0,84.80633548635267
85,10033,RBC Canadian Open,"TPC Toronto at Osprey Valley (North Course) - Caledon, ON",2025,Rory McIlroy,47.0,7.0,1.0,6,4.0,21.0,27.0,28.284271247461902,-3.5,18.333333333333332,25.006665778014742,-6.0,12.2,19.62651268055535,-9.0,6.133333333333333,10,71.5,67.83333333333333,23.6,0.4,0.8,0.3,0.5,0.2,0.5,84.85839509088711
86,11580,RBC Canadian Open,"TPC Toronto at Osprey Valley (North Course) - Caledon, ON",2025,Séamus Power,59.0,100.0,34.0,6,100.0,14.0,79.5,28.991378028648448,14.5,64.33333333333333,33.321664624285084,7.666666666666667,62.2,37.47265669791775,8.2,2.1333333333333258,1,70.0,70.83333333333333,2.499999999999995,0.0,0.0,0.0,0.1,0.0,0.1,84.97884852813688
87,11622,RBC Canadian Open,"TPC Toronto at Osprey Valley (North Course) - Caledon, ON",2025,Takumi Kanaya,100.0,100.0,45.0,6,100.0,14.0,100.0,0.0,27.0,81.66666666666667,31.75426480542943,16.666666666666668,70.0,43.44536799245692,12.0,11.666666666666671,0,72.5,69.83333333333333,24.500000000000004,0.0,0.2,0.0,0.1,0.0,0.05555555555555555,85.05328904396788
88,145,RBC Canadian Open,"TPC Toronto at Osprey Valley (North Course) - Caledon, ON",2025,Aaron Wise,100.0,100.0,22.0,6,100.0,28.0,100.0,0.0,27.0,74.0,45.033320996790806,16.666666666666668,48.6,47.26309342393915,4.6,25.4,0,71.5,70.0,24.8,0.0,0.2,0.0,0.1,0.0,0.0625,85.05328904396788
89,12739,RBC Canadian Open,"TPC Toronto at Osprey Valley (North Course) - Caledon, ON",2025,Vince Whaley,11.0,37.0,15.0,6,33.0,14.0,24.0,18.384776310850235,-5.5,21.0,14.000000000000052,-8.666666666666666,34.0,38.678159211627445,-2.2,-13.0,4,69.0,68.33333333333333,18.200000000000003,0.0,0.2,0.0,0.1,0.0,0.05,85.12577828133017
90,7638,RBC Canadian Open,"TPC Toronto at Osprey Valley (North Course) - Caledon, ON",2025,Mark Hubbard,28.0,7.0,5.0,6,42.0,14.0,17.5,14.849242404917497,-7.5,13.333333333333334,12.741009902411045,-10.666666666666666,30.4,39.94120679198364,-3.0,-17.066666666666663,4,68.0,68.33333333333333,19.900000000000002,0.0,0.4,0.0,0.2,0.0,0.1,85.12577828133017
91,4835,RBC Canadian Open,"TPC Toronto at Osprey Valley (North Course) - Caledon, ON",2025,Harry Hall,6.0,19.0,20.0,6,42.0,14.0,12.5,9.192388155425117,-4.5,15.0,7.8102496759066105,-6.333333333333333,25.4,16.288032416470678,-6.6,-10.399999999999999,8,67.5,69.33333333333333,12.0,0.0,0.2,0.0,0.1,0.05,0.2,85.12577828133017
92,3467,RBC Canadian Open,"TPC Toronto at Osprey Valley (North Course) - Caledon, ON",2025,David Ford,100.0,100.0,58.0,6,100.0,14.0,100.0,0.0,27.0,86.0,24.24871130596428,15.666666666666666,86.0,24.24871130596428,15.666666666666666,0.0,0,72.0,73.16666666666667,0.0,0.0,0.0,0.0,0.0,0.0,0.0,85.21809362716166
93,2371,RBC Canadian Open,"TPC Toronto at Osprey Valley (North Course) - Caledon, ON",2025,Cameron Champ,100.0,15.0,100.0,6,100.0,28.0,57.5,60.10407640085654,6.0,71.66666666666667,49.07477288111819,13.0,55.2,42.634493077788555,3.8,16.46666666666667,0,72.0,68.83333333333333,16.8,0.0,0.0,0.0,0.0,0.0,0.0,85.3606732029414
94,4878,RBC Canadian Open,"TPC Toronto at Osprey Valley (North Course) - Caledon, ON",2025,Harry Higgs,51.0,59.0,2.0,6,100.0,7.0,55.0,5.656854249492381,6.5,37.333333333333336,30.859898466024376,-0.6666666666666666,62.4,40.673086924894214,10.4,-25.066666666666663,3,73.5,69.66666666666667,4.899999999999996,0.0,0.2,0.0,0.1,0.0,0.05,85.38490373666188
95,978,RBC Canadian Open,"TPC Toronto at Osprey Valley (North Course) - Caledon, ON",2025,Ashton McCulloch (a),100.0,100.0,59.0,6,100.0,357.0,100.0,0.0,27.0,100.0,0.0,27.0,100.0,0.0,27.0,0.0,0,75.0,71.5,0.0,0.0,0.0,0.0,0.0,0.0,0.0,85.57893234786248
96,10412,RBC Canadian Open,"TPC Toronto at Osprey Valley (North Course) - Caledon, ON",2025,Ryan Palmer,100.0,100.0,100.0,6,35.0,14.0,100.0,0.0,27.0,100.0,0.0,27.0,100.0,0.0,27.0,0.0,0,72.5,72.33333333333333,-1.0687775062317507e-14,0.0,0.0,0.0,0.0,0.0,0.0,85.57893234786248
97,3294,RBC Canadian Open,"TPC Toronto at Osprey Valley (North Course) - Caledon, ON",2025,Cougar Collins,100.0,100.0,59.0,6,100.0,49.0,100.0,0.0,27.0,100.0,0.0,27.0,100.0,0.0,27.0,0.0,0,73.0,73.0,0.0,0.0,0.0,0.0,0.0,0.0,0.0,85.57893234786248
98,6849,RBC Canadian Open,"TPC Toronto at Osprey Valley (North Course) - Caledon, ON",2025,Kevin Velo,100.0,100.0,100.0,6,100.0,28.0,100.0,0.0,27.0,100.0,0.0,27.0,100.0,0.0,27.0,0.0,0,70.5,71.66666666666667,-1.0687775062317507e-14,0.0,0.0,0.0,0.0,0.0,0.0,85.57893234786248
99,6692,RBC Canadian Open,"TPC Toronto at Osprey Valley (North Course) - Caledon, ON",2025,Kevin Kisner,100.0,100.0,100.0,6,100.0,14.0,100.0,0.0,27.0,100.0,6.743495761743046e-07,27.0,100.0,7.539457464619588e-07,27.0,0.0,0,70.5,70.83333333333333,-1.0687775062317507e-14,0.0,0.0,0.0,0.0,0.0,0.0,85.57893234786248
100,11716,RBC Canadian Open,"TPC Toronto at Osprey Valley (North Course) - Caledon, ON",2025,Taylor Montgomery,100.0,100.0,100.0,6,100.0,28.0,100.0,0.0,27.0,100.0,0.0,27.0,100.0,1.3486991523486091e-06,27.0,0.0,0,73.0,71.5,-1.0687775062317507e-14,0.0,0.0,0.0,0.0,0.0,0.0,85.57893234786248
101,9370,RBC Canadian Open,"TPC Toronto at Osprey Valley (North Course) - Caledon, ON",2025,Paul Waring,100.0,100.0,100.0,6,100.0,28.0,100.0,0.0,27.0,100.0,0.0,27.0,100.0,0.0,27.0,0.0,0,72.0,72.0,-1.0687775062317507e-14,0.0,0.0,0.0,0.0,0.0,0.0,85.57893234786248
102,2456,RBC Canadian Open,"TPC Toronto at Osprey Valley (North Course) - Caledon, ON",2025,Cameron Young,25.0,47.0,7.0,6,100.0,7.0,36.0,15.556349186104045,3.5,26.333333333333332,20.033305601755654,-1.0,46.6,35.14683485038162,4.2,-20.26666666666667,4,74.5,69.66666666666667,10.999999999999996,0.0,0.2,0.0,0.1,0.0,0.15,85.6114710390056
103,2497,RBC Canadian Open,"TPC Toronto at Osprey Valley (North Course) - Caledon, ON",2025,Camilo Villegas,70.0,100.0,67.0,6,100.0,14.0,85.0,21.213203435596427,15.5,79.0,18.24828759089468,10.0,78.6,20.21880312976019,12.4,0.4000000000000057,1,69.5,70.0,9.099999999999998,0.0,0.0,0.0,0.0,0.0,0.05,85.64258907446924
104,5013,RBC Canadian Open,"TPC Toronto at Osprey Valley (North Course) - Caledon, ON",2025,Henrik Norlander,59.0,100.0,45.0,6,100.0,14.0,79.5,28.991378028648448,14.5,68.0,28.583211855912907,6.333333333333333,46.8,35.43585754571208,1.4,21.200000000000003,1,69.0,70.0,17.8,0.0,0.0,0.0,0.0,0.0,0.0,85.73194093471253
105,7483,RBC Canadian Open,"TPC Toronto at Osprey Valley (North Course) - Caledon, ON",2025,Mac Meissner,28.0,100.0,65.0,6,57.0,14.0,64.0,50.91168824543142,12.0,64.33333333333333,36.004629331980794,7.333333333333333,59.6,26.273560854973553,5.0,4.733333333333327,1,70.0,70.33333333333333,5.699999999999999,0.0,0.0,0.0,0.0,0.0,0.0,85.73194093471253
106,5845,RBC Canadian Open,"TPC Toronto at Osprey Valley (North Course) - Caledon, ON",2025,John Pak,28.0,100.0,70.0,6,100.0,14.0,64.0,50.91168824543142,12.0,66.0,36.16628264005025,8.666666666666666,62.6,26.283074401599215,6.2,3.3999999999999986,1,65.5,69.83333333333333,3.1999999999999913,0.0,0.0,0.0,0.0,0.0,0.0,85.73194093471253
107,9448,RBC Canadian Open,"TPC Toronto at Osprey Valley (North Course) - Caledon, ON",2025,Peter Malnati,66.0,100.0,100.0,6,100.0,14.0,83.0,24.041630560342615,15.0,88.66666666666667,19.629909152447286,19.0,86.0,19.183326093250887,19.0,2.6666666666666714,1,69.0,72.66666666666667,3.7999999999999954,0.0,0.0,0.0,0.0,0.0,0.0,85.73194093471253
108,2720,RBC Canadian Open,"TPC Toronto at Osprey Valley (North Course) - Caledon, ON",2025,Chan Kim,100.0,100.0,100.0,6,100.0,14.0,100.0,0.0,27.0,100.0,1.1680077279964342e-06,27.0,62.4,51.490775872965834,13.0,37.6,0,71.0,70.5,18.599999999999998,0.0,0.4,0.0,0.2,0.0,0.15,85.86468655496317
109,5803,RBC Canadian Open,"TPC Toronto at Osprey Valley (North Course) - Caledon, ON",2025,Joel Dahmen,100.0,100.0,100.0,6,10.0,14.0,100.0,0.0,27.0,100.0,1.1680077279964344e-06,27.0,80.4,43.826932358995876,19.0,19.599999999999994,0,72.5,68.5,19.600000000000005,0.0,0.2,0.0,0.2,0.0,0.2,85.86468655496317
110,2035,RBC Canadian Open,"TPC Toronto at Osprey Valley (North Course) - Caledon, ON",2025,Brice Garnett,36.0,31.0,100.0,6,100.0,14.0,33.5,3.5355339059327378,-4.5,55.666666666666664,38.4751001731423,6.0,65.4,33.43351611781207,10.4,-9.733333333333341,2,67.0,69.5,1.599999999999995,0.0,0.0,0.0,0.0,0.0,0.0,85.93225318900375
111,930,RBC Canadian Open,"TPC Toronto at Osprey Valley (North Course) - Caledon, ON",2025,Andrew Putnam,44.0,61.0,15.0,6,100.0,14.0,52.5,12.020815280171307,-1.0,40.0,23.259406699226005,-8.0,49.2,33.37214407256447,1.0,-9.200000000000003,4,68.0,67.5,17.700000000000003,0.0,0.0,0.0,0.0,0.0,0.0,86.06484183811085
112,603,RBC Canadian Open,"TPC Toronto at Osprey Valley (North Course) - Caledon, ON",2025,Alejandro Tosti,100.0,54.0,67.0,6,100.0,14.0,77.0,32.526911934581186,12.5,73.66666666666667,23.713568549109898,8.0,47.0,40.33608806019741,1.6,26.66666666666667,0,71.5,68.33333333333333,22.9,0.0,0.2,0.0,0.2,0.0,0.15,86.16061162407962
113,3686,RBC Canadian Open,"TPC Toronto at Osprey Valley (North Course) - Caledon, ON",2025,Davis Riley,100.0,2.0,100.0,6,100.0,14.0,51.0,69.29646455628166,10.5,67.33333333333333,56.58032638058334,16.0,53.6,45.014442126944104,7.2,13.733333333333327,0,71.0,69.66666666666667,10.999999999999998,0.0,0.2,0.0,0.3,0.0,0.15,86.16061162407962
114,2684,RBC Canadian Open,"TPC Toronto at Osprey Valley (North Course) - Caledon, ON",2025,Chad Ramey,100.0,45.0,100.0,6,24.0,14.0,72.5,38.890872965260115,11.5,81.66666666666667,31.754264805429372,16.666666666666668,53.6,44.74706694298521,7.4,28.06666666666667,0,71.0,69.5,16.399999999999995,0.0,0.2,0.0,0.1,0.0,0.05,86.16061162407962
115,4931,RBC Canadian Open,"TPC Toronto at Osprey Valley (North Course) - Caledon, ON",2025,Hayden Buckley,100.0,7.0,100.0,6,100.0,14.0,53.5,65.76093065034893,7.5,69.0,53.69357503463522,14.0,71.2,42.13905551860413,13.4,-2.200000000000003,0,72.0,69.83333333333333,10.199999999999994,0.0,0.2,0.0,0.1,0.0,0.1,86.27567920625363
116,5543,RBC Canadian Open,"TPC Toronto at Osprey Valley (North Course) - Caledon, ON",2025,Jeremy Paul,59.0,100.0,100.0,6,100.0,14.0,79.5,28.991378028648448,14.5,86.33333333333333,23.671361036774655,18.666666666666668,72.2,43.072032689437826,14.0,14.133333333333326,1,69.0,70.83333333333333,15.499999999999998,0.0,0.2,0.0,0.1,0.0,0.07692307692307693,86.53187935585075
117,7545,RBC Canadian Open,"TPC Toronto at Osprey Valley (North Course) - Caledon, ON",2025,Mackenzie Hughes,39.0,100.0,100.0,6,7.0,7.0,69.5,43.1335136523794,17.0,79.66666666666667,35.21836642056725,20.333333333333332,68.2,45.466471162825016,14.6,11.466666666666669,1,72.0,70.66666666666667,13.499999999999998,0.0,0.2,0.0,0.3,0.0,0.15,86.53187935585075
118,3573,RBC Canadian Open,"TPC Toronto at Osprey Valley (North Course) - Caledon, ON",2025,David Lipsky,100.0,100.0,100.0,6,100.0,14.0,100.0,0.0,27.0,100.0,0.0,27.0,86.2,30.857738089497087,20.4,13.799999999999997,0,72.0,70.5,13.799999999999999,0.0,0.0,0.0,0.0,0.0,0.0,86.55317854488
119,8984,RBC Canadian Open,"TPC Toronto at Osprey Valley (North Course) - Caledon, ON",2025,Noah Goodwin,100.0,100.0,100.0,6,100.0,28.0,100.0,0.0,27.0,100.0,3.371747880871523e-07,27.0,91.2,19.677398201998145,22.6,8.799999999999997,0,71.5,71.5,8.799999999999994,0.0,0.0,0.0,0.0,0.0,0.0,86.55317854488
120,12699,RBC Canadian Open,"TPC Toronto at Osprey Valley (North Course) - Caledon, ON",2025,Vince Covello,100.0,100.0,100.0,6,100.0,35.0,100.0,0.0,27.0,100.0,0.0,27.0,90.8,20.571825392998065,19.6,9.200000000000003,0,73.5,73.5,9.199999999999998,0.0,0.0,0.0,0.0,0.0,0.0,86.55317854488
121,8506,RBC Canadian Open,"TPC Toronto at Osprey Valley (North Course) - Caledon, ON",2025,Mike Weir,100.0,100.0,100.0,6,100.0,56.0,100.0,0.0,27.0,100.0,0.0,27.0,90.4,21.46625258399798,21.2,9.599999999999994,0,74.0,72.33333333333333,9.600000000000001,0.0,0.0,0.0,0.0,0.0,0.0,86.55317854488
122,9479,RBC Canadian Open,"TPC Toronto at Osprey Valley (North Course) - Caledon, ON",2025,Philip Knowles,100.0,100.0,100.0,6,100.0,28.0,100.0,0.0,27.0,100.0,0.0,27.0,92.8,16.099689437998492,21.2,7.200000000000003,0,72.0,72.16666666666667,-1.0687775062317507e-14,0.0,0.0,0.0,0.0,0.0,0.0,86.59266448609483
123,8822,RBC Canadian Open,"TPC Toronto at Osprey Valley (North Course) - Caledon, ON",2025,Nick Taylor,4.0,100.0,17.0,6,100.0,7.0,52.0,67.88225099390856,11.5,40.333333333333336,52.08006656421756,5.333333333333333,42.0,37.033768374282396,3.0,-1.6666666666666643,1,68.5,70.5,8.899999999999993,0.0,0.2,0.0,0.2,0.05,0.15,86.64694693802475
124,7309,RBC Canadian Open,"TPC Toronto at Osprey Valley (North Course) - Caledon, ON",2025,Ludvig Åberg,16.0,100.0,60.0,6,100.0,7.0,58.0,59.39696961966999,14.0,58.666666666666664,42.01587001756995,9.666666666666666,47.4,37.373787605753854,4.0,11.266666666666666,1,73.0,70.33333333333333,4.799999999999996,0.0,0.2,0.1,0.2,0.05,0.3,86.78327904094574
125,8290,RBC Canadian Open,"TPC Toronto at Osprey Valley (North Course) - Caledon, ON",2025,Max Homa,51.0,60.0,30.0,6,100.0,7.0,55.5,6.363961030678928,8.5,47.0,15.39480431834066,4.0,44.6,23.44781439708188,2.0,2.3999999999999986,5,73.5,68.83333333333333,8.099999999999994,0.0,0.0,0.0,0.0,0.0,0.0,86.81183086783435
126,4280,RBC Canadian Open,"TPC Toronto at Osprey Valley (North Course) - Caledon, ON",2025,Erik van Rooyen,36.0,100.0,34.0,6,42.0,14.0,68.0,45.254833995939045,12.5,56.666666666666664,37.5410886008029,7.0,54.4,43.7584277596899,5.0,2.2666666666666657,1,69.5,69.5,19.800000000000004,0.0,0.2,0.0,0.2,0.0,0.15,87.10350229754341
127,9646,RBC Canadian Open,"TPC Toronto at Osprey Valley (North Course) - Caledon, ON",2025,Richard T. Lee,100.0,60.0,59.0,6,100.0,371.0,100.0,21.920310216782973,27.0,100.0,29.263173671584788,27.0,100.0,33.45818264703348,27.0,0.0,0,70.5,74.5,0.0,0.0,0.0,0.0,0.0,0.0,0.0,87.177694364026
128,6191,RBC Canadian Open,"TPC Toronto at Osprey Valley (North Course) - Caledon, ON",2025,Justin Matthews (a),100.0,60.0,59.0,6,100.0,371.0,100.0,21.920310216782973,27.0,100.0,29.263173671584788,27.0,100.0,33.45818264703348,27.0,0.0,0,71.0,70.5,0.0,0.0,0.0,0.0,0.0,0.0,0.0,87.177694364026
129,7992,RBC Canadian Open,"TPC Toronto at Osprey Valley (North Course) - Caledon, ON",2025,Matthew Anderson,100.0,60.0,59.0,6,100.0,371.0,100.0,21.920310216782973,27.0,100.0,29.263173671584788,27.0,100.0,33.45818264703348,27.0,0.0,0,72.5,70.5,0.0,0.0,0.0,0.0,0.0,0.0,0.0,87.177694364026
130,5857,RBC Canadian Open,"TPC Toronto at Osprey Valley (North Course) - Caledon, ON",2025,Johnny Keefer,100.0,60.0,59.0,6,100.0,21.0,100.0,21.920310216782973,27.0,100.0,29.263173671584788,27.0,100.0,33.45818264703348,27.0,0.0,0,74.5,68.0,0.0,0.0,0.0,0.0,0.0,0.0,0.0,87.177694364026
131,6241,RBC Canadian Open,"TPC Toronto at Osprey Valley (North Course) - Caledon, ON",2025,Justin Rose,44.0,100.0,100.0,6,100.0,7.0,72.0,39.59797974644666,17.5,81.33333333333333,32.331615074619044,20.666666666666668,57.6,42.17582245789641,9.2,23.733333333333327,1,72.0,71.66666666666667,5.999999999999993,0.0,0.2,0.0,0.3,0.0,0.25,87.43978608646442
132,11218,RBC Canadian Open,"TPC Toronto at Osprey Valley (North Course) - Caledon, ON",2025,Shane Lowry,23.0,100.0,2.0,6,33.0,7.0,61.5,54.44722215136416,15.0,41.666666666666664,51.59780357082396,5.333333333333333,37.0,37.99999999999999,2.2,4.666666666666664,1,70.5,68.5,18.5,0.0,0.2,0.0,0.3,0.0,0.3,87.43978608646442
133,8761,RBC Canadian Open,"TPC Toronto at Osprey Valley (North Course) - Caledon, ON",2025,Nick Hardy,11.0,100.0,100.0,6,42.0,14.0,55.5,62.932503525602726,10.5,70.33333333333333,51.38417395787667,16.0,70.4,41.8963005526741,14.4,-0.06666666666667709,1,67.5,70.66666666666667,2.8999999999999875,0.0,0.0,0.0,0.0,0.0,0.0,87.44101193972323
134,8561,RBC Canadian Open,"TPC Toronto at Osprey Valley (North Course) - Caledon, ON",2025,Myles Creighton,57.0,100.0,59.0,6,57.0,371.0,78.5,30.405591591021544,27.0,78.5,30.405591591021544,27.0,78.5,30.405591591021544,27.0,0.0,1,69.5,74.25,0.0,0.0,0.0,0.0,0.0,0.0,0.0,87.58132461498555
135,725,RBC Canadian Open,"TPC Toronto at Osprey Valley (North Course) - Caledon, ON",2025,Alex Smalley,100.0,28.0,5.0,6,100.0,14.0,64.0,50.91168824543142,13.0,44.333333333333336,49.56140971898737,4.333333333333333,47.0,36.24224054884022,0.6,-2.6666666666666643,0,71.0,68.5,21.700000000000003,0.0,0.2,0.0,0.1,0.0,0.1,87.96055671878638
136,11780,RBC Canadian Open,"TPC Toronto at Osprey Valley (North Course) - Caledon, ON",2025,Taylor Moore,73.0,19.0,25.0,6,100.0,14.0,46.0,38.18376618407357,1.5,39.0,29.59729717389745,-2.0,63.4,39.42461160239883,9.6,-24.4,3,70.0,70.83333333333333,4.799999999999993,0.0,0.0,0.0,0.1,0.0,0.15,88.56219958812073
137,965,RBC Canadian Open,"TPC Toronto at Osprey Valley (North Course) - Caledon, ON",2025,Antoine Rozner,34.0,13.0,33.0,6,100.0,28.0,23.5,14.849242404917497,-11.0,26.666666666666668,11.846237095944542,-7.0,44.0,25.524498036200438,-3.2,-17.333333333333332,9,68.5,68.66666666666667,7.299999999999995,0.0,0.0,0.0,0.0,0.0,0.0,88.65420796058439
138,2973,RBC Canadian Open,"TPC Toronto at Osprey Valley (North Course) - Caledon, ON",2025,Chris Gotterup,28.0,13.0,15.0,6,100.0,14.0,20.5,10.606601717798213,-7.0,18.666666666666668,8.144527815246754,-9.666666666666666,34.8,36.90121949204389,-2.2,-16.13333333333333,4,66.0,68.16666666666667,17.700000000000003,0.0,0.0,0.0,0.0,0.0,0.0,88.65420796058439
139,8629,RBC Canadian Open,"TPC Toronto at Osprey Valley (North Course) - Caledon, ON",2025,Nate Lashley,100.0,39.0,53.0,6,42.0,14.0,69.5,43.1335136523794,8.0,64.0,31.95309061734087,5.0,46.2,33.65560874505169,0.6,17.799999999999997,0,73.0,69.16666666666667,22.3,0.0,0.0,0.0,0.0,0.0,0.0,89.8504730282345
140,9770,RBC Canadian Open,"TPC Toronto at Osprey Valley (North Course) - Caledon, ON",2025,Ricky Castillo,59.0,37.0,5.0,6,100.0,14.0,48.0,15.556349186104045,-1.5,33.666666666666664,27.153882472555047,-6.666666666666667,47.8,34.98142364169875,0.6,-14.133333333333333,4,69.0,68.33333333333333,17.8,0.0,0.2,0.0,0.1,0.0,0.06666666666666667,94.21337678116433
141,3935,RBC Canadian Open,"TPC Toronto at Osprey Valley (North Course) - Caledon, ON",2025,Doug Ghim,46.0,52.0,33.0,6,100.0,14.0,49.0,4.242640687119285,-3.0,43.666666666666664,9.712534856222266,-7.5,49.8,30.95480576582576,2.5,-6.133333333333333,4,67.0,69.0,17.7,0.0,0.0,0.0,0.0,0.0,0.0,94.56343278632973
