"game_id","season","game_type","week","gameday","weekday","gametime","away_team","away_score","home_team","home_score","location","result","total","overtime","old_game_id","gsis","nfl_detail_id","pfr","pff","espn","ftn","away_rest","home_rest","away_moneyline","home_moneyline","spread_line","away_spread_odds","home_spread_odds","total_line","under_odds","over_odds","div_game","roof","surface","temp","wind","away_qb_id","home_qb_id","away_qb_name","home_qb_name","away_coach","home_coach","referee","stadium_id","stadium"
"2025_01_DAL_PHI",2025,"REG",1,"2025-09-04","Thursday","20:20","DAL",20,"PHI",24,"Home",4,44,0,"2025090400",59843,NA,"202509040phi",28418,"401772510",6734,7,7,330,-425,8.5,-110,-110,47.5,-110,-110,1,"outdoors","grass",75,11,"00-0033077","00-0036389","Dak Prescott","Jalen Hurts","Brian Schottenheimer","Nick Sirianni","Shawn Smith","PHI00","Lincoln Financial Field"
"2025_01_KC_LAC",2025,"REG",1,"2025-09-05","Friday","20:00","KC",21,"LAC",27,"Neutral",6,48,0,"2025090500",59844,NA,"202509050sdg",28419,"401772714",6735,7,7,-175,145,-3,-120,100,47.5,-110,-110,1,"dome","",NA,NA,"00-0033873","00-0036355","Patrick Mahomes","Justin Herbert","Andy Reid","Jim Harbaugh","Carl Cheffers","LAX01","SoFi Stadium"
"2025_01_TB_ATL",2025,"REG",1,"2025-09-07","Sunday","13:00","TB",23,"ATL",20,"Home",-3,43,0,"2025090700",59845,NA,"202509070atl",28420,"401772830",6736,7,7,-115,-105,-1.5,-102,-118,47.5,-105,-115,1,"closed","fieldturf",NA,NA,"00-0034855","00-0039917","Baker Mayfield","Michael Penix","Todd Bowles","Raheem Morris","Land Clark","ATL97","Mercedes-Benz Stadium"
"2025_01_CIN_CLE",2025,"REG",1,"2025-09-07","Sunday","13:00","CIN",17,"CLE",16,"Home",-1,33,0,"2025090701",59846,NA,"202509070cle",28421,"401772829",6737,7,7,-238,195,-5.5,-105,-115,47.5,100,-120,1,"outdoors","grass",63,10,"00-0036442","00-0026158","Joe Burrow","Joe Flacco","Zac Taylor","Kevin Stefanski","Adrian Hill","CLE00","FirstEnergy Stadium"
"2025_01_MIA_IND",2025,"REG",1,"2025-09-07","Sunday","13:00","MIA",8,"IND",33,"Home",25,41,0,"2025090702",59847,NA,"202509070clt",28422,"401772719",6738,7,7,-108,-112,1.5,-118,-102,47.5,-120,100,0,"closed","fieldturf",NA,NA,"00-0036212","00-0035710","Tua Tagovailoa","Daniel Jones","Mike McDaniel","Shane Steichen","Brad Allen","IND00","Lucas Oil Stadium"
"2025_01_CAR_JAX",2025,"REG",1,"2025-09-07","Sunday","13:00","CAR",10,"JAX",26,"Home",16,36,0,"2025090703",59848,NA,"202509070jax",28423,"401772828",6739,7,7,170,-205,4.5,-110,-110,45.5,-108,-112,0,"outdoors","grass",85,3,"00-0039150","00-0036971","Bryce Young","Trevor Lawrence","Dave Canales","Liam Coen","Alex Moore","JAX00","TIAA Bank Stadium"
"2025_01_LV_NE",2025,"REG",1,"2025-09-07","Sunday","13:00","LV",20,"NE",13,"Home",-7,33,0,"2025090704",59849,NA,"202509070nwe",28424,"401772720",6740,7,7,130,-155,2.5,100,-120,44.5,-115,-105,0,"outdoors","fieldturf",62,4,"00-0030565","00-0039851","Geno Smith","Drake Maye","Pete Carroll","Mike Vrabel","Ron Torbert","BOS00","Gillette Stadium"
"2025_01_ARI_NO",2025,"REG",1,"2025-09-07","Sunday","13:00","ARI",20,"NO",13,"Home",-7,33,0,"2025090705",59850,NA,"202509070nor",28425,"401772718",6741,7,7,-270,220,-6,-108,-112,44.5,-112,-108,0,"dome","sportturf",NA,NA,"00-0035228","00-0039376","Kyler Murray","Spencer Rattler","Jonathan Gannon","Kellen Moore","Scott Novak","NOR00","Mercedes-Benz Superdome"
"2025_01_PIT_NYJ",2025,"REG",1,"2025-09-07","Sunday","13:00","PIT",34,"NYJ",32,"Home",-2,66,0,"2025090706",59851,NA,"202509070nyj",28426,"401772721",6742,7,7,-155,130,-3,-110,-110,37.5,-108,-112,0,"outdoors","fieldturf",67,3,"00-0023459","00-0036945","Aaron Rodgers","Justin Fields","Mike Tomlin","Aaron Glenn","Bill Vinovich","NYC01","MetLife Stadium"
"2025_01_NYG_WAS",2025,"REG",1,"2025-09-07","Sunday","13:00","NYG",6,"WAS",21,"Home",15,27,0,"2025090707",59852,NA,"202509070was",28427,"401772827",6743,7,7,240,-298,6,-108,-112,45.5,-110,-110,1,"outdoors","grass",68,5,"00-0029263","00-0039910","Russell Wilson","Jayden Daniels","Brian Daboll","Dan Quinn","Clay Martin","WAS00","FedExField"
"2025_01_TEN_DEN",2025,"REG",1,"2025-09-07","Sunday","16:05","TEN",12,"DEN",20,"Home",8,32,0,"2025090708",59853,NA,"202509070den",28428,"401772832",6744,7,7,350,-455,8.5,-105,-115,42.5,-108,-112,0,"outdoors","grass",84,6,"00-0040676","00-0039732","Cam Ward","Bo Nix","Brian Callahan","Sean Payton","Alex Kemp","DEN00","Empower Field at Mile High"
"2025_01_SF_SEA",2025,"REG",1,"2025-09-07","Sunday","16:05","SF",17,"SEA",13,"Home",-4,30,0,"2025090709",59854,NA,"202509070sea",28429,"401772831",6745,7,7,-135,114,-2.5,-105,-115,43.5,-112,-108,1,"outdoors","fieldturf",67,6,"00-0037834","00-0034869","Brock Purdy","Sam Darnold","Kyle Shanahan","Mike Macdonald","Shawn Hochuli","SEA00","Lumen Field"
"2025_01_DET_GB",2025,"REG",1,"2025-09-07","Sunday","16:25","DET",13,"GB",27,"Home",14,40,0,"2025090710",59855,NA,"202509070gnb",28430,"401772722",6746,7,7,100,-120,1.5,-115,-105,48.5,-115,-105,1,"outdoors","grass",60,5,"00-0033106","00-0036264","Jared Goff","Jordan Love","Dan Campbell","Matt LaFleur","Clete Blakeman","GNB00","Lambeau Field"
"2025_01_HOU_LA",2025,"REG",1,"2025-09-07","Sunday","16:25","HOU",9,"LA",14,"Home",5,23,0,"2025090711",59856,NA,"202509070ram",28431,"401772723",6747,7,7,140,-166,3.5,-118,-102,43.5,-115,-105,0,"dome","matrixturf",NA,NA,"00-0039163","00-0026498","C.J. Stroud","Matthew Stafford","DeMeco Ryans","Sean McVay","Craig Wrolstad","LAX01","SoFi Stadium"
"2025_01_BAL_BUF",2025,"REG",1,"2025-09-07","Sunday","20:20","BAL",40,"BUF",41,"Home",1,81,0,"2025090712",59857,NA,"202509070buf",28432,"401772918",6748,7,7,-130,110,-1.5,-118,-102,50.5,-105,-115,0,"outdoors","a_turf",58,8,"00-0034796","00-0034857","Lamar Jackson","Josh Allen","John Harbaugh","Sean McDermott","John Hussey","BUF00","New Era Field"
"2025_01_MIN_CHI",2025,"REG",1,"2025-09-08","Monday","20:15","MIN",27,"CHI",24,"Home",-3,51,0,"2025090800",59858,NA,"202509080chi",28433,"401772810",6749,7,7,-112,-108,-1.5,100,-120,43.5,-112,-108,1,"outdoors","grass",68,6,"00-0039923","00-0039918","J.J. McCarthy","Caleb Williams","Kevin O'Connell","Ben Johnson","Alan Eck","CHI98","Soldier Field"
"2025_02_WAS_GB",2025,"REG",2,"2025-09-11","Thursday","20:15","WAS",18,"GB",27,"Home",9,45,0,"2025091100",59859,NA,"202509110gnb",28434,"401772936",6750,4,4,154,-185,3.5,-118,-102,48.5,-105,-115,0,"outdoors","grass",65,7,"00-0039910","00-0036264","Jayden Daniels","Jordan Love","Dan Quinn","Matt LaFleur","Brad Rogers","GNB00","Lambeau Field"
"2025_02_CLE_BAL",2025,"REG",2,"2025-09-14","Sunday","13:00","CLE",17,"BAL",41,"Home",24,58,0,"2025091400",59860,NA,"202509140rav",28435,"401772726",6751,7,7,600,-900,12.5,-105,-115,46.5,-110,-110,1,"outdoors","grass",82,3,"00-0026158","00-0034796","Joe Flacco","Lamar Jackson","Kevin Stefanski","John Harbaugh","Brad Allen","BAL00","M&T Bank Stadium"
"2025_02_JAX_CIN",2025,"REG",2,"2025-09-14","Sunday","13:00","JAX",27,"CIN",31,"Home",4,58,0,"2025091401",59861,NA,"202509140cin",28436,"401772725",6752,7,7,160,-192,3.5,-115,-105,49.5,-115,-105,0,"outdoors","fieldturf",85,3,"00-0036971","00-0036442","Trevor Lawrence","Joe Burrow","Liam Coen","Zac Taylor","Alan Eck","CIN00","Paycor Stadium"
"2025_02_NYG_DAL",2025,"REG",2,"2025-09-14","Sunday","13:00","NYG",37,"DAL",40,"Home",3,77,1,"2025091402",59862,NA,"202509140dal",28437,"401772834",6753,7,10,195,-238,4.5,100,-120,44.5,-110,-110,1,"closed","matrixturf",NA,NA,"00-0029263","00-0033077","Russell Wilson","Dak Prescott","Brian Daboll","Brian Schottenheimer","Bill Vinovich","DAL00","AT&T Stadium"
"2025_02_CHI_DET",2025,"REG",2,"2025-09-14","Sunday","13:00","CHI",21,"DET",52,"Home",31,73,0,"2025091403",59863,NA,"202509140det",28438,"401772835",6754,6,7,220,-270,6,-110,-110,46.5,-112,-108,1,"dome","fieldturf",NA,NA,"00-0039918","00-0033106","Caleb Williams","Jared Goff","Ben Johnson","Dan Campbell","Land Clark","DET00","Ford Field"
"2025_02_NE_MIA",2025,"REG",2,"2025-09-14","Sunday","13:00","NE",33,"MIA",27,"Home",-6,60,0,"2025091404",59864,NA,"202509140mia",28439,"401772728",6755,7,7,105,-125,1.5,-110,-110,43.5,-115,-105,1,"outdoors","grass",89,4,"00-0039851","00-0036212","Drake Maye","Tua Tagovailoa","Mike Vrabel","Mike McDaniel","Alex Moore","MIA00","Hard Rock Stadium"
"2025_02_SF_NO",2025,"REG",2,"2025-09-14","Sunday","13:00","SF",26,"NO",21,"Home",-5,47,0,"2025091405",59865,NA,"202509140nor",28440,"401772833",6756,7,7,-166,140,-3,-110,-110,40.5,-105,-115,0,"dome","sportturf",NA,NA,"00-0036972","00-0039376","Mac Jones","Spencer Rattler","Kyle Shanahan","Kellen Moore","Shawn Smith","NOR00","Mercedes-Benz Superdome"
"2025_02_BUF_NYJ",2025,"REG",2,"2025-09-14","Sunday","13:00","BUF",30,"NYJ",10,"Home",-20,40,0,"2025091406",59866,NA,"202509140nyj",28441,"401772727",6757,7,7,-290,235,-6,-112,-108,47.5,-110,-110,1,"outdoors","fieldturf",80,3,"00-0034857","00-0036945","Josh Allen","Justin Fields","Sean McDermott","Aaron Glenn","Clete Blakeman","NYC01","MetLife Stadium"
"2025_02_SEA_PIT",2025,"REG",2,"2025-09-14","Sunday","13:00","SEA",31,"PIT",17,"Home",-14,48,0,"2025091407",59867,NA,"202509140pit",28442,"401772836",6758,7,7,160,-192,3.5,-110,-110,40.5,-108,-112,0,"outdoors","grass",79,5,"00-0034869","00-0023459","Sam Darnold","Aaron Rodgers","Mike Macdonald","Mike Tomlin","Scott Novak","PIT00","Acrisure Stadium"
"2025_02_LA_TEN",2025,"REG",2,"2025-09-14","Sunday","13:00","LA",33,"TEN",19,"Home",-14,52,0,"2025091408",59868,NA,"202509140oti",28443,"401772724",6759,7,7,-250,205,-5.5,-108,-112,41.5,-112,-108,0,"outdoors","grass",83,3,"00-0026498","00-0040676","Matthew Stafford","Cam Ward","Sean McVay","Brian Callahan","John Hussey","NAS00","Nissan Stadium"
"2025_02_CAR_ARI",2025,"REG",2,"2025-09-14","Sunday","16:05","CAR",22,"ARI",27,"Home",5,49,0,"2025091409",59869,NA,"202509140crd",28445,"401772730",6760,7,7,250,-310,7,-110,-110,45.5,-110,-110,0,"closed","grass",NA,NA,"00-0039150","00-0035228","Bryce Young","Kyler Murray","Dave Canales","Jonathan Gannon","Ron Torbert","PHO00","State Farm Stadium"
"2025_02_DEN_IND",2025,"REG",2,"2025-09-14","Sunday","16:05","DEN",28,"IND",29,"Home",1,57,0,"2025091410",59870,NA,"202509140clt",28444,"401772729",6761,7,7,-130,110,-2.5,-105,-115,43.5,-112,-108,0,"closed","fieldturf",NA,NA,"00-0039732","00-0035710","Bo Nix","Daniel Jones","Sean Payton","Shane Steichen","Craig Wrolstad","IND00","Lucas Oil Stadium"
"2025_02_PHI_KC",2025,"REG",2,"2025-09-14","Sunday","16:25","PHI",20,"KC",17,"Home",-3,37,0,"2025091411",59871,NA,"202509140kan",28446,"401772837",6762,10,9,-122,102,-1.5,-110,-110,46.5,-102,-118,0,"outdoors","grass",88,12,"00-0036389","00-0033873","Jalen Hurts","Patrick Mahomes","Nick Sirianni","Andy Reid","Alex Kemp","KAN00","GEHA Field at Arrowhead Stadium"
"2025_02_ATL_MIN",2025,"REG",2,"2025-09-14","Sunday","20:20","ATL",22,"MIN",6,"Home",-16,28,0,"2025091412",59872,NA,"202509140min",28447,"401772919",6763,7,6,150,-180,3.5,-115,-105,44.5,-110,-110,0,"dome","sportturf",NA,NA,"00-0039917","00-0039923","Michael Penix","J.J. McCarthy","Raheem Morris","Kevin O'Connell","Adrian Hill","MIN01","U.S. Bank Stadium"
"2025_02_TB_HOU",2025,"REG",2,"2025-09-15","Monday","19:00","TB",20,"HOU",19,"Home",-1,39,0,"2025091500",59873,NA,"202509150htx",28448,"401772715",6765,8,8,114,-135,2.5,-110,-110,42.5,-110,-110,0,"closed","astroturf",NA,NA,"00-0034855","00-0039163","Baker Mayfield","C.J. Stroud","Todd Bowles","DeMeco Ryans","Shawn Hochuli","HOU00","NRG Stadium"
"2025_02_LAC_LV",2025,"REG",2,"2025-09-15","Monday","22:00","LAC",20,"LV",9,"Home",-11,29,0,"2025091501",59874,NA,"202509150rai",28449,"401772811",6764,10,8,-198,164,-3.5,-105,-115,46.5,-102,-118,1,"dome","grass",NA,NA,"00-0036355","00-0030565","Justin Herbert","Geno Smith","Jim Harbaugh","Pete Carroll","Clay Martin","VEG00","Allegiant Stadium"
"2025_03_MIA_BUF",2025,"REG",3,"2025-09-18","Thursday","20:15","MIA",21,"BUF",31,"Home",10,52,0,"2025091800",59875,NA,"202509180buf",28450,"401772937",6766,4,4,550,-800,12.5,-110,-110,50.5,-112,-108,1,"outdoors","a_turf",68,7,"00-0036212","00-0034857","Tua Tagovailoa","Josh Allen","Mike McDaniel","Sean McDermott","Alan Eck","BUF00","New Era Field"
"2025_03_ATL_CAR",2025,"REG",3,"2025-09-21","Sunday","13:00","ATL",0,"CAR",30,"Home",30,30,0,"2025092100",59876,NA,"202509210car",28452,"401772838",6767,7,7,-225,185,-5.5,-105,-115,44.5,-115,-105,1,"outdoors","grass",83,5,"00-0039917","00-0039150","Michael Penix","Bryce Young","Raheem Morris","Dave Canales","Craig Wrolstad","CAR00","Bank of America Stadium"
"2025_03_GB_CLE",2025,"REG",3,"2025-09-21","Sunday","13:00","GB",10,"CLE",13,"Home",3,23,0,"2025092101",59877,NA,"202509210cle",28453,"401772842",6768,10,7,-470,360,-8.5,-102,-118,41.5,-115,-105,0,"outdoors","grass",79,10,"00-0036264","00-0026158","Jordan Love","Joe Flacco","Matt LaFleur","Kevin Stefanski","Carl Cheffers","CLE00","FirstEnergy Stadium"
"2025_03_HOU_JAX",2025,"REG",3,"2025-09-21","Sunday","13:00","HOU",10,"JAX",17,"Home",7,27,0,"2025092102",59878,NA,"202509210jax",28454,"401772734",6769,6,7,105,-125,1.5,-108,-112,43.5,-115,-105,1,"outdoors","grass",85,11,"00-0039163","00-0036971","C.J. Stroud","Trevor Lawrence","DeMeco Ryans","Liam Coen","Alex Kemp","JAX00","TIAA Bank Stadium"
"2025_03_CIN_MIN",2025,"REG",3,"2025-09-21","Sunday","13:00","CIN",10,"MIN",48,"Home",38,58,0,"2025092103",59879,NA,"202509210min",28455,"401772731",6770,7,7,136,-162,3,-110,-110,41.5,-105,-115,0,"dome","sportturf",NA,NA,"00-0035100","00-0032950","Jake Browning","Carson Wentz","Zac Taylor","Kevin O'Connell","Ron Torbert","MIN01","U.S. Bank Stadium"
"2025_03_PIT_NE",2025,"REG",3,"2025-09-21","Sunday","13:00","PIT",21,"NE",14,"Home",-7,35,0,"2025092104",59880,NA,"202509210nwe",28456,"401772732",6771,7,7,-120,100,-1.5,-105,-115,44.5,-112,-108,0,"outdoors","fieldturf",66,5,"00-0023459","00-0039851","Aaron Rodgers","Drake Maye","Mike Tomlin","Mike Vrabel","Clete Blakeman","BOS00","Gillette Stadium"
"2025_03_LA_PHI",2025,"REG",3,"2025-09-21","Sunday","13:00","LA",26,"PHI",33,"Home",7,59,0,"2025092105",59881,NA,"202509210phi",28457,"401772839",6772,7,7,164,-198,3.5,-108,-112,45.5,-108,-112,0,"outdoors","grass",73,9,"00-0026498","00-0036389","Matthew Stafford","Jalen Hurts","Sean McVay","Nick Sirianni","Brad Rogers","PHI00","Lincoln Financial Field"
"2025_03_NYJ_TB",2025,"REG",3,"2025-09-21","Sunday","13:00","NYJ",27,"TB",29,"Home",2,56,0,"2025092106",59882,NA,"202509210tam",28458,"401772840",6773,7,6,275,-345,6.5,-105,-115,43.5,-115,-105,0,"outdoors","grass",88,5,"00-0028118","00-0034855","Tyrod Taylor","Baker Mayfield","Aaron Glenn","Todd Bowles","Adrian Hill","TAM00","Raymond James Stadium"
"2025_03_IND_TEN",2025,"REG",3,"2025-09-21","Sunday","13:00","IND",41,"TEN",20,"Home",-21,61,0,"2025092107",59883,NA,"202509210oti",28459,"401772733",6774,7,7,-245,200,-6,-108,-112,43.5,-115,-105,1,"outdoors","grass",84,8,"00-0035710","00-0040676","Daniel Jones","Cam Ward","Shane Steichen","Brian Callahan","Scott Novak","NAS00","Nissan Stadium"
"2025_03_LV_WAS",2025,"REG",3,"2025-09-21","Sunday","13:00","LV",24,"WAS",41,"Home",17,65,0,"2025092108",59884,NA,"202509210was",28460,"401772841",6775,6,10,130,-155,2.5,100,-120,43.5,-110,-110,0,"outdoors","grass",72,6,"00-0030565","00-0032268","Geno Smith","Marcus Mariota","Pete Carroll","Dan Quinn","Shawn Hochuli","WAS00","FedExField"
"2025_03_DEN_LAC",2025,"REG",3,"2025-09-21","Sunday","16:05","DEN",20,"LAC",23,"Home",3,43,0,"2025092109",59885,NA,"202509210sdg",28461,"401772735",6776,7,6,130,-155,2.5,100,-120,45.5,-110,-110,1,"dome","matrixturf",NA,NA,"00-0039732","00-0036355","Bo Nix","Justin Herbert","Sean Payton","Jim Harbaugh","Shawn Smith","LAX01","SoFi Stadium"
"2025_03_NO_SEA",2025,"REG",3,"2025-09-21","Sunday","16:05","NO",13,"SEA",44,"Home",31,57,0,"2025092110",59886,NA,"202509210sea",28462,"401772736",6777,7,7,295,-375,7.5,-115,-105,41.5,-108,-112,0,"outdoors","fieldturf",63,3,"00-0039376","00-0034869","Spencer Rattler","Sam Darnold","Kellen Moore","Mike Macdonald","Alex Moore","SEA00","Lumen Field"
"2025_03_DAL_CHI",2025,"REG",3,"2025-09-21","Sunday","16:25","DAL",14,"CHI",31,"Home",17,45,0,"2025092111",59887,NA,"202509210chi",28463,"401772844",6778,7,7,-125,105,-1.5,-115,-105,49.5,100,-120,0,"outdoors","grass",82,4,"00-0033077","00-0039918","Dak Prescott","Caleb Williams","Brian Schottenheimer","Ben Johnson","Clay Martin","CHI98","Soldier Field"
"2025_03_ARI_SF",2025,"REG",3,"2025-09-21","Sunday","16:25","ARI",15,"SF",16,"Home",1,31,0,"2025092112",59888,NA,"202509210sfo",28464,"401772843",6779,7,7,105,-125,1.5,-112,-108,44.5,-112,-108,1,"outdoors","grass",72,7,"00-0035228","00-0036972","Kyler Murray","Mac Jones","Jonathan Gannon","Kyle Shanahan","John Hussey","SFO01","Levi's Stadium"
"2025_03_KC_NYG",2025,"REG",3,"2025-09-21","Sunday","20:20","KC",22,"NYG",9,"Home",-13,31,0,"2025092113",59889,NA,"202509210nyg",28465,"401772920",6780,7,7,-325,260,-6,-115,-105,44.5,-105,-115,0,"outdoors","fieldturf",65,5,"00-0033873","00-0029263","Patrick Mahomes","Russell Wilson","Andy Reid","Brian Daboll","Land Clark","NYC01","MetLife Stadium"
"2025_03_DET_BAL",2025,"REG",3,"2025-09-22","Monday","20:15","DET",38,"BAL",30,"Home",-8,68,0,"2025092200",59890,NA,"202509220rav",28451,"401772812",6781,8,8,200,-245,4.5,-105,-115,53.5,-105,-115,0,"outdoors","grass",74,7,"00-0033106","00-0034796","Jared Goff","Lamar Jackson","Dan Campbell","John Harbaugh","Bill Vinovich","BAL00","M&T Bank Stadium"
"2025_04_SEA_ARI",2025,"REG",4,"2025-09-25","Thursday","20:15","SEA",23,"ARI",20,"Home",-3,43,0,"2025092500",59891,NA,"202509250crd",28466,"401772938",6782,4,4,-125,105,-1.5,-110,-110,43.5,-108,-112,1,"closed","grass",NA,NA,"00-0034869","00-0035228","Sam Darnold","Kyler Murray","Mike Macdonald","Jonathan Gannon","Alex Kemp","PHO00","State Farm Stadium"
"2025_04_MIN_PIT",2025,"REG",4,"2025-09-28","Sunday","09:30","MIN",21,"PIT",24,"Neutral",3,45,0,"2025092800",59892,NA,"202509280pit",28467,"401772632",6783,7,7,-148,124,-2.5,-125,105,41.5,-115,-105,0,"outdoors","grass",61,5,"00-0032950","00-0023459","Carson Wentz","Aaron Rodgers","Kevin O'Connell","Mike Tomlin","Brad Allen","PIT00","Acrisure Stadium"
"2025_04_WAS_ATL",2025,"REG",4,"2025-09-28","Sunday","13:00","WAS",27,"ATL",34,"Home",7,61,0,"2025092801",59893,NA,"202509280atl",28468,"401772739",6784,7,7,120,-142,2.5,-110,-110,43.5,-112,-108,0,"closed","fieldturf",NA,NA,"00-0039910","00-0039917","Jayden Daniels","Michael Penix","Dan Quinn","Raheem Morris","Scott Novak","ATL97","Mercedes-Benz Stadium"
"2025_04_NO_BUF",2025,"REG",4,"2025-09-28","Sunday","13:00","NO",19,"BUF",31,"Home",12,50,0,"2025092802",59894,NA,"202509280buf",28469,"401772740",6785,7,10,800,-1350,15.5,-115,-105,48.5,-115,-105,0,"outdoors","a_turf",73,7,"00-0039376","00-0034857","Spencer Rattler","Josh Allen","Kellen Moore","Sean McDermott","Land Clark","BUF00","New Era Field"
"2025_04_CLE_DET",2025,"REG",4,"2025-09-28","Sunday","13:00","CLE",10,"DET",34,"Home",24,44,0,"2025092803",59895,NA,"202509280det",28470,"401772846",6786,7,6,410,-550,10,-108,-112,44.5,-115,-105,0,"dome","fieldturf",NA,NA,"00-0026158","00-0033106","Joe Flacco","Jared Goff","Kevin Stefanski","Dan Campbell","Shawn Smith","DET00","Ford Field"
"2025_04_TEN_HOU",2025,"REG",4,"2025-09-28","Sunday","13:00","TEN",0,"HOU",26,"Home",26,26,0,"2025092804",59896,NA,"202509280htx",28471,"401772738",6787,7,7,340,-440,7.5,-115,-105,39.5,-105,-115,1,"closed","astroturf",NA,NA,"00-0040676","00-0039163","Cam Ward","C.J. Stroud","Brian Callahan","DeMeco Ryans","Brad Rogers","HOU00","NRG Stadium"
"2025_04_CAR_NE",2025,"REG",4,"2025-09-28","Sunday","13:00","CAR",13,"NE",42,"Home",29,55,0,"2025092805",59897,NA,"202509280nwe",28472,"401772847",6788,7,7,215,-265,5.5,-108,-112,42.5,-108,-112,0,"outdoors","fieldturf",76,7,"00-0039150","00-0039851","Bryce Young","Drake Maye","Dave Canales","Mike Vrabel","Bill Vinovich","BOS00","Gillette Stadium"
"2025_04_LAC_NYG",2025,"REG",4,"2025-09-28","Sunday","13:00","LAC",18,"NYG",21,"Home",3,39,0,"2025092806",59898,NA,"202509280nyg",28473,"401772737",6789,7,7,-285,230,-6,-112,-108,43.5,-115,-105,0,"outdoors","fieldturf",81,4,"00-0036355","00-0040691","Justin Herbert","Jaxson Dart","Jim Harbaugh","Brian Daboll","Shawn Hochuli","NYC01","MetLife Stadium"
"2025_04_PHI_TB",2025,"REG",4,"2025-09-28","Sunday","13:00","PHI",31,"TB",25,"Home",-6,56,0,"2025092807",59899,NA,"202509280tam",28474,"401772845",6790,7,7,-185,154,-3.5,-102,-118,44.5,-118,-102,0,"outdoors","grass",88,6,"00-0036389","00-0034855","Jalen Hurts","Baker Mayfield","Nick Sirianni","Todd Bowles","Alan Eck","TAM00","Raymond James Stadium"
"2025_04_IND_LA",2025,"REG",4,"2025-09-28","Sunday","16:05","IND",20,"LA",27,"Home",7,47,0,"2025092808",59900,NA,"202509280ram",28475,"401772849",6791,7,7,154,-185,3.5,-105,-115,49.5,-105,-115,0,"dome","matrixturf",NA,NA,"00-0035710","00-0026498","Daniel Jones","Matthew Stafford","Shane Steichen","Sean McVay","Carl Cheffers","LAX01","SoFi Stadium"
"2025_04_JAX_SF",2025,"REG",4,"2025-09-28","Sunday","16:05","JAX",26,"SF",21,"Home",-5,47,0,"2025092809",59901,NA,"202509280sfo",28476,"401772848",6792,7,7,150,-180,3.5,-120,100,45.5,-108,-112,0,"outdoors","grass",72,7,"00-0036971","00-0037834","Trevor Lawrence","Brock Purdy","Liam Coen","Kyle Shanahan","Clete Blakeman","SFO01","Levi's Stadium"
"2025_04_BAL_KC",2025,"REG",4,"2025-09-28","Sunday","16:25","BAL",20,"KC",37,"Home",17,57,0,"2025092810",59902,NA,"202509280kan",28478,"401772741",6793,6,7,-148,124,-2.5,-120,100,48.5,100,-120,0,"outdoors","grass",89,10,"00-0034796","00-0033873","Lamar Jackson","Patrick Mahomes","John Harbaugh","Andy Reid","Clay Martin","KAN00","GEHA Field at Arrowhead Stadium"
"2025_04_CHI_LV",2025,"REG",4,"2025-09-28","Sunday","16:25","CHI",25,"LV",24,"Home",-1,49,0,"2025092811",59903,NA,"202509280rai",28477,"401772742",6794,7,7,105,-125,1.5,-110,-110,47.5,-105,-115,0,"dome","grass",NA,NA,"00-0039918","00-0030565","Caleb Williams","Geno Smith","Ben Johnson","Pete Carroll","Adrian Hill","VEG00","Allegiant Stadium"
"2025_04_GB_DAL",2025,"REG",4,"2025-09-28","Sunday","20:20","GB",40,"DAL",40,"Home",0,80,1,"2025092812",59904,NA,"202509280dal",28479,"401772921",6795,7,7,-345,275,-7,-105,-115,47.5,-115,-105,0,"closed","matrixturf",NA,NA,"00-0036264","00-0033077","Jordan Love","Dak Prescott","Matt LaFleur","Brian Schottenheimer","Ron Torbert","DAL00","AT&T Stadium"
"2025_04_NYJ_MIA",2025,"REG",4,"2025-09-29","Monday","19:15","NYJ",21,"MIA",27,"Home",6,48,0,"2025092900",59905,NA,"202509290mia",28481,"401772813",6796,8,11,124,-148,2.5,-105,-115,44.5,-120,100,1,"outdoors","grass",88,17,"00-0036945","00-0036212","Justin Fields","Tua Tagovailoa","Aaron Glenn","Mike McDaniel","Craig Wrolstad","MIA00","Hard Rock Stadium"
"2025_04_CIN_DEN",2025,"REG",4,"2025-09-29","Monday","20:15","CIN",3,"DEN",28,"Home",25,31,0,"2025092901",59906,NA,"202509290den",28480,"401772716",6797,8,8,360,-470,7.5,-115,-105,44.5,-115,-105,0,"outdoors","grass",66,12,"00-0035100","00-0039732","Jake Browning","Bo Nix","Zac Taylor","Sean Payton","Alex Moore","DEN00","Empower Field at Mile High"
"2025_05_SF_LA",2025,"REG",5,"2025-10-02","Thursday","20:15","SF",26,"LA",23,"Home",-3,49,1,"2025100200",59907,NA,"202510020ram",28482,"401772939",6798,4,4,340,-440,8.5,-110,-110,43.5,-108,-112,1,"dome","matrixturf",NA,NA,"00-0036972","00-0026498","Mac Jones","Matthew Stafford","Kyle Shanahan","Sean McVay","Bill Vinovich","LAX01","SoFi Stadium"
"2025_05_MIN_CLE",2025,"REG",5,"2025-10-05","Sunday","09:30","MIN",21,"CLE",17,"Neutral",-4,38,0,"2025100500",59908,NA,"202510050cle",28483,"401772633",6799,7,7,-198,164,-3.5,-110,-110,35.5,-112,-108,0,"outdoors","grass",61,14,"00-0032950","00-0040704","Carson Wentz","Dillon Gabriel","Kevin O'Connell","Kevin Stefanski","Scott Novak","CLE00","FirstEnergy Stadium"
"2025_05_HOU_BAL",2025,"REG",5,"2025-10-05","Sunday","13:00","HOU",44,"BAL",10,"Home",-34,54,0,"2025100501",59909,NA,"202510050rav",28484,"401772743",6800,7,7,-148,124,-2.5,-118,-102,41.5,-115,-105,0,"outdoors","grass",78,2,"00-0039163","00-0033662","C.J. Stroud","Cooper Rush","DeMeco Ryans","John Harbaugh","Land Clark","BAL00","M&T Bank Stadium"
"2025_05_MIA_CAR",2025,"REG",5,"2025-10-05","Sunday","13:00","MIA",24,"CAR",27,"Home",3,51,0,"2025100502",59910,NA,"202510050car",28485,"401772852",6801,6,7,-120,100,-1.5,-105,-115,44.5,-105,-115,0,"outdoors","grass",77,8,"00-0036212","00-0039150","Tua Tagovailoa","Bryce Young","Mike McDaniel","Dave Canales","Clay Martin","CAR00","Bank of America Stadium"
"2025_05_LV_IND",2025,"REG",5,"2025-10-05","Sunday","13:00","LV",6,"IND",40,"Home",34,46,0,"2025100503",59911,NA,"202510050clt",28486,"401772851",6802,7,7,285,-360,7,100,-120,46.5,-108,-112,0,"closed","fieldturf",NA,NA,"00-0030565","00-0035710","Geno Smith","Daniel Jones","Pete Carroll","Shane Steichen","Alex Kemp","IND00","Lucas Oil Stadium"
"2025_05_NYG_NO",2025,"REG",5,"2025-10-05","Sunday","13:00","NYG",14,"NO",26,"Home",12,40,0,"2025100504",59912,NA,"202510050nor",28487,"401772744",6803,7,7,100,-120,1.5,-115,-105,41.5,-105,-115,0,"dome","sportturf",NA,NA,"00-0040691","00-0039376","Jaxson Dart","Spencer Rattler","Brian Daboll","Kellen Moore","Alan Eck","NOR00","Mercedes-Benz Superdome"
"2025_05_DAL_NYJ",2025,"REG",5,"2025-10-05","Sunday","13:00","DAL",37,"NYJ",22,"Home",-15,59,0,"2025100505",59913,NA,"202510050nyj",28488,"401772850",6804,7,6,-105,-115,1.5,-120,100,48.5,-110,-110,0,"outdoors","fieldturf",82,3,"00-0033077","00-0036945","Dak Prescott","Justin Fields","Brian Schottenheimer","Aaron Glenn","Alex Moore","NYC01","MetLife Stadium"
"2025_05_DEN_PHI",2025,"REG",5,"2025-10-05","Sunday","13:00","DEN",21,"PHI",17,"Home",-4,38,0,"2025100506",59914,NA,"202510050phi",28489,"401772745",6805,6,7,180,-218,3.5,-105,-115,44.5,-115,-105,0,"outdoors","grass",80,6,"00-0039732","00-0036389","Bo Nix","Jalen Hurts","Sean Payton","Nick Sirianni","Adrian Hill","PHI00","Lincoln Financial Field"
"2025_05_TEN_ARI",2025,"REG",5,"2025-10-05","Sunday","16:05","TEN",22,"ARI",21,"Home",-1,43,0,"2025100507",59915,NA,"202510050crd",28491,"401772747",6806,7,10,330,-425,7.5,-108,-112,41.5,-110,-110,0,"closed","grass",NA,NA,"00-0040676","00-0035228","Cam Ward","Kyler Murray","Brian Callahan","Jonathan Gannon","Shawn Smith","PHO00","State Farm Stadium"
"2025_05_TB_SEA",2025,"REG",5,"2025-10-05","Sunday","16:05","TB",38,"SEA",35,"Home",-3,73,0,"2025100508",59916,NA,"202510050sea",28490,"401772746",6807,7,10,150,-180,3.5,-115,-105,44.5,-110,-110,0,"outdoors","fieldturf",61,8,"00-0034855","00-0034869","Baker Mayfield","Sam Darnold","Todd Bowles","Mike Macdonald","Craig Wrolstad","SEA00","Lumen Field"
"2025_05_DET_CIN",2025,"REG",5,"2025-10-05","Sunday","16:25","DET",37,"CIN",24,"Home",-13,61,0,"2025100509",59917,NA,"202510050cin",28492,"401772854",6808,7,6,-575,425,-10.5,-102,-118,49.5,-112,-108,0,"outdoors","fieldturf",84,7,"00-0033106","00-0035100","Jared Goff","Jake Browning","Dan Campbell","Zac Taylor","Carl Cheffers","CIN00","Paycor Stadium"
"2025_05_WAS_LAC",2025,"REG",5,"2025-10-05","Sunday","16:25","WAS",27,"LAC",10,"Home",-17,37,0,"2025100510",59918,NA,"202510050sdg",28493,"401772853",6809,7,7,130,-155,2.5,100,-120,47.5,-115,-105,0,"dome","matrixturf",NA,NA,"00-0039910","00-0036355","Jayden Daniels","Justin Herbert","Dan Quinn","Jim Harbaugh","John Hussey","LAX01","SoFi Stadium"
"2025_05_NE_BUF",2025,"REG",5,"2025-10-05","Sunday","20:20","NE",23,"BUF",20,"Home",-3,43,0,"2025100511",59919,NA,"202510050buf",28494,"401772922",6810,7,7,310,-395,7.5,-105,-115,49.5,-108,-112,1,"outdoors","a_turf",66,3,"00-0039851","00-0034857","Drake Maye","Josh Allen","Mike Vrabel","Sean McDermott","Shawn Hochuli","BUF00","New Era Field"
"2025_05_KC_JAX",2025,"REG",5,"2025-10-06","Monday","20:15","KC",28,"JAX",31,"Home",3,59,0,"2025100600",59920,NA,"202510060jax",28495,"401772814",6811,8,8,-198,164,-3.5,-110,-110,45.5,-108,-112,0,"outdoors","grass",80,12,"00-0033873","00-0036971","Patrick Mahomes","Trevor Lawrence","Andy Reid","Liam Coen","Brad Rogers","JAX00","TIAA Bank Stadium"
"2025_06_PHI_NYG",2025,"REG",6,"2025-10-09","Thursday","20:15","PHI",NA,"NYG",NA,"Home",NA,NA,NA,"2025100900",NA,NA,"202510090nyg",28496,"401772940",6812,4,4,-395,310,-7,-120,100,40.5,-105,-115,1,"outdoors","fieldturf",NA,NA,"00-0036389","00-0040691","Jalen Hurts","Jaxson Dart","Nick Sirianni","Brian Daboll",NA,"NYC01","MetLife Stadium"
"2025_06_DEN_NYJ",2025,"REG",6,"2025-10-12","Sunday","09:30","DEN",NA,"NYJ",NA,"Neutral",NA,NA,NA,"2025101200",NA,NA,"202510120nyj",28497,"401772634",6813,7,7,-395,310,-7.5,-105,-115,43.5,-105,-115,0,"outdoors","fieldturf",NA,NA,"00-0039732","00-0036945","Bo Nix","Justin Fields","Sean Payton","Aaron Glenn",NA,"NYC01","MetLife Stadium"
"2025_06_LA_BAL",2025,"REG",6,"2025-10-12","Sunday","13:00","LA",NA,"BAL",NA,"Home",NA,NA,NA,"2025101201",NA,NA,"202510120rav",28498,"401772855",6814,10,7,-380,300,-7.5,-105,-115,44.5,-110,-110,0,"outdoors","grass",NA,NA,"00-0026498","00-0033662","Matthew Stafford","Cooper Rush","Sean McVay","John Harbaugh",NA,"BAL00","M&T Bank Stadium"
"2025_06_DAL_CAR",2025,"REG",6,"2025-10-12","Sunday","13:00","DAL",NA,"CAR",NA,"Home",NA,NA,NA,"2025101202",NA,NA,"202510120car",28499,"401772858",6815,7,7,-175,145,-3,-120,100,49.5,-108,-112,0,"outdoors","grass",NA,NA,"00-0033077","00-0039150","Dak Prescott","Bryce Young","Brian Schottenheimer","Dave Canales",NA,"CAR00","Bank of America Stadium"
"2025_06_ARI_IND",2025,"REG",6,"2025-10-12","Sunday","13:00","ARI",NA,"IND",NA,"Home",NA,NA,NA,"2025101203",NA,NA,"202510120clt",28500,"401772856",6816,7,7,270,-340,7,-108,-112,46.5,-105,-115,0,"closed","fieldturf",NA,NA,"00-0035228","00-0035710","Kyler Murray","Daniel Jones","Jonathan Gannon","Shane Steichen",NA,"IND00","Lucas Oil Stadium"
"2025_06_SEA_JAX",2025,"REG",6,"2025-10-12","Sunday","13:00","SEA",NA,"JAX",NA,"Home",NA,NA,NA,"2025101204",NA,NA,"202510120jax",28501,"401772857",6817,7,6,-108,-112,1.5,-125,105,47.5,-110,-110,0,"outdoors","grass",NA,NA,"00-0034869","00-0036971","Sam Darnold","Trevor Lawrence","Mike Macdonald","Liam Coen",NA,"JAX00","TIAA Bank Stadium"
"2025_06_LAC_MIA",2025,"REG",6,"2025-10-12","Sunday","13:00","LAC",NA,"MIA",NA,"Home",NA,NA,NA,"2025101205",NA,NA,"202510120mia",28502,"401772750",6818,7,7,-225,185,-4.5,-108,-112,44.5,-118,-102,0,"outdoors","grass",NA,NA,"00-0036355","00-0036212","Justin Herbert","Tua Tagovailoa","Jim Harbaugh","Mike McDaniel",NA,"MIA00","Hard Rock Stadium"
"2025_06_NE_NO",2025,"REG",6,"2025-10-12","Sunday","13:00","NE",NA,"NO",NA,"Home",NA,NA,NA,"2025101210",NA,NA,"202510120nor",28507,"401772751",6823,7,7,-185,154,-3.5,-105,-115,45.5,-102,-118,0,"dome","sportturf",NA,NA,"00-0039851","00-0039376","Drake Maye","Spencer Rattler","Mike Vrabel","Kellen Moore",NA,"NOR00","Mercedes-Benz Superdome"
"2025_06_CLE_PIT",2025,"REG",6,"2025-10-12","Sunday","13:00","CLE",NA,"PIT",NA,"Home",NA,NA,NA,"2025101206",NA,NA,"202510120pit",28503,"401772748",6819,7,14,210,-258,5.5,-115,-105,37.5,-105,-115,1,"outdoors","grass",NA,NA,"00-0040704","00-0023459","Dillon Gabriel","Aaron Rodgers","Kevin Stefanski","Mike Tomlin",NA,"PIT00","Acrisure Stadium"
"2025_06_TEN_LV",2025,"REG",6,"2025-10-12","Sunday","16:05","TEN",NA,"LV",NA,"Home",NA,NA,NA,"2025101208",NA,NA,"202510120rai",28505,"401772859",6821,7,7,180,-218,3.5,-105,-115,41.5,-108,-112,0,"dome","grass",NA,NA,"00-0040676","00-0030565","Cam Ward","Geno Smith","Brian Callahan","Pete Carroll",NA,"VEG00","Allegiant Stadium"
"2025_06_CIN_GB",2025,"REG",6,"2025-10-12","Sunday","16:25","CIN",NA,"GB",NA,"Home",NA,NA,NA,"2025101209",NA,NA,"202510120gnb",28506,"401772752",6822,7,14,675,-1050,14,-105,-115,44.5,-110,-110,0,"outdoors","grass",NA,NA,"00-0035100","00-0036264","Jake Browning","Jordan Love","Zac Taylor","Matt LaFleur",NA,"GNB00","Lambeau Field"
"2025_06_SF_TB",2025,"REG",6,"2025-10-12","Sunday","16:25","SF",NA,"TB",NA,"Home",NA,NA,NA,"2025101207",NA,NA,"202510120tam",28504,"401772749",6820,10,7,136,-162,3,-105,-115,47.5,-110,-110,0,"outdoors","grass",NA,NA,"00-0037834","00-0034855","Brock Purdy","Baker Mayfield","Kyle Shanahan","Todd Bowles",NA,"TAM00","Raymond James Stadium"
"2025_06_DET_KC",2025,"REG",6,"2025-10-12","Sunday","20:20","DET",NA,"KC",NA,"Home",NA,NA,NA,"2025101211",NA,NA,"202510120kan",28508,"401772923",6824,7,6,114,-135,2.5,-110,-110,52.5,-105,-115,0,"outdoors","grass",NA,NA,"00-0033106","00-0033873","Jared Goff","Patrick Mahomes","Dan Campbell","Andy Reid",NA,"KAN00","GEHA Field at Arrowhead Stadium"
"2025_06_BUF_ATL",2025,"REG",6,"2025-10-13","Monday","19:15","BUF",NA,"ATL",NA,"Home",NA,NA,NA,"2025101300",NA,NA,"202510130atl",28509,"401772815",6825,8,15,-225,185,-4.5,-115,-105,49.5,-102,-118,0,"closed","fieldturf",NA,NA,"00-0034857","00-0039917","Josh Allen","Michael Penix","Sean McDermott","Raheem Morris",NA,"ATL97","Mercedes-Benz Stadium"
"2025_06_CHI_WAS",2025,"REG",6,"2025-10-13","Monday","20:15","CHI",NA,"WAS",NA,"Home",NA,NA,NA,"2025101301",NA,NA,"202510130was",28510,"401772717",6826,15,8,185,-225,4.5,-105,-115,49.5,-110,-110,0,"outdoors","grass",NA,NA,"00-0039918","00-0039910","Caleb Williams","Jayden Daniels","Ben Johnson","Dan Quinn",NA,"WAS00","FedExField"
"2025_07_PIT_CIN",2025,"REG",7,"2025-10-16","Thursday","20:15","PIT",NA,"CIN",NA,"Home",NA,NA,NA,"2025101600",NA,NA,"202510160cin",28511,"401772941",6827,4,4,-225,185,-4.5,-110,-110,43.5,-110,-110,1,"outdoors","fieldturf",NA,NA,NA,NA,NA,NA,"Mike Tomlin","Zac Taylor",NA,"CIN00","Paycor Stadium"
"2025_07_LA_JAX",2025,"REG",7,"2025-10-19","Sunday","09:30","LA",NA,"JAX",NA,"Neutral",NA,NA,NA,"2025101900",NA,NA,"202510190jax",28512,"401772635",6828,7,7,-185,154,-3.5,-110,-110,47.5,-115,-105,0,"outdoors","grass",NA,NA,NA,NA,NA,NA,"Sean McVay","Liam Coen",NA,"JAX00","TIAA Bank Stadium"
"2025_07_NO_CHI",2025,"REG",7,"2025-10-19","Sunday","13:00","NO",NA,"CHI",NA,"Home",NA,NA,NA,"2025101901",NA,NA,"202510190chi",28513,"401772861",6829,7,6,220,-270,6,-110,-110,45.5,-105,-115,0,"outdoors","grass",NA,NA,NA,NA,NA,NA,"Kellen Moore","Ben Johnson",NA,"CHI98","Soldier Field"
"2025_07_MIA_CLE",2025,"REG",7,"2025-10-19","Sunday","13:00","MIA",NA,"CLE",NA,"Home",NA,NA,NA,"2025101902",NA,NA,"202510190cle",28514,"401772754",6830,7,7,120,-142,2.5,-110,-110,42.5,-115,-105,0,"outdoors","grass",NA,NA,NA,NA,NA,NA,"Mike McDaniel","Kevin Stefanski",NA,"CLE00","FirstEnergy Stadium"
"2025_07_LV_KC",2025,"REG",7,"2025-10-19","Sunday","13:00","LV",NA,"KC",NA,"Home",NA,NA,NA,"2025101903",NA,NA,"202510190kan",28515,"401772753",6831,7,7,500,-700,10.5,-110,-110,45.5,-110,-110,1,"outdoors","grass",NA,NA,NA,NA,NA,NA,"Pete Carroll","Andy Reid",NA,"KAN00","GEHA Field at Arrowhead Stadium"
"2025_07_PHI_MIN",2025,"REG",7,"2025-10-19","Sunday","13:00","PHI",NA,"MIN",NA,"Home",NA,NA,NA,"2025101904",NA,NA,"202510190min",28516,"401772862",6832,10,14,-148,124,-2.5,-118,-102,42.5,-110,-110,0,"dome","sportturf",NA,NA,NA,NA,NA,NA,"Nick Sirianni","Kevin O'Connell",NA,"MIN01","U.S. Bank Stadium"
"2025_07_CAR_NYJ",2025,"REG",7,"2025-10-19","Sunday","13:00","CAR",NA,"NYJ",NA,"Home",NA,NA,NA,"2025101905",NA,NA,"202510190nyj",28517,"401772860",6833,7,7,120,-142,2.5,-110,-110,45.5,-110,-110,0,"outdoors","fieldturf",NA,NA,NA,NA,NA,NA,"Dave Canales","Aaron Glenn",NA,"NYC01","MetLife Stadium"
"2025_07_NE_TEN",2025,"REG",7,"2025-10-19","Sunday","13:00","NE",NA,"TEN",NA,"Home",NA,NA,NA,"2025101906",NA,NA,"202510190oti",28518,"401772755",6834,7,7,-258,210,-6,-110,-110,43.5,-110,-110,0,"outdoors","grass",NA,NA,NA,NA,NA,NA,"Mike Vrabel","Brian Callahan",NA,"NAS00","Nissan Stadium"
"2025_07_NYG_DEN",2025,"REG",7,"2025-10-19","Sunday","16:05","NYG",NA,"DEN",NA,"Home",NA,NA,NA,"2025101907",NA,NA,"202510190den",28519,"401772757",6835,10,7,330,-425,7.5,-105,-115,41.5,-110,-110,0,"outdoors","grass",NA,NA,NA,NA,NA,NA,"Brian Daboll","Sean Payton",NA,"DEN00","Empower Field at Mile High"
"2025_07_IND_LAC",2025,"REG",7,"2025-10-19","Sunday","16:05","IND",NA,"LAC",NA,"Home",NA,NA,NA,"2025101908",NA,NA,"202510190sdg",28520,"401772756",6836,7,7,105,-125,1.5,-110,-110,47.5,-105,-115,0,"dome","matrixturf",NA,NA,NA,NA,NA,NA,"Shane Steichen","Jim Harbaugh",NA,"LAX01","SoFi Stadium"
"2025_07_GB_ARI",2025,"REG",7,"2025-10-19","Sunday","16:25","GB",NA,"ARI",NA,"Home",NA,NA,NA,"2025101909",NA,NA,"202510190crd",28521,"401772863",6837,7,7,-230,190,-5.5,-110,-110,45.5,-110,-110,0,"closed","grass",NA,NA,NA,NA,NA,NA,"Matt LaFleur","Jonathan Gannon",NA,"PHO00","State Farm Stadium"
"2025_07_WAS_DAL",2025,"REG",7,"2025-10-19","Sunday","16:25","WAS",NA,"DAL",NA,"Home",NA,NA,NA,"2025101910",NA,NA,"202510190dal",28522,"401772864",6838,6,7,-142,120,-2.5,-110,-110,53.5,-115,-105,1,"closed","matrixturf",NA,NA,NA,NA,NA,NA,"Dan Quinn","Brian Schottenheimer",NA,"DAL00","AT&T Stadium"
"2025_07_ATL_SF",2025,"REG",7,"2025-10-19","Sunday","20:20","ATL",NA,"SF",NA,"Home",NA,NA,NA,"2025101911",NA,NA,"202510190sfo",28523,"401772924",6839,6,7,180,-218,4.5,-110,-110,45.5,-110,-110,0,"outdoors","grass",NA,NA,NA,NA,NA,NA,"Raheem Morris","Kyle Shanahan",NA,"SFO01","Levi's Stadium"
"2025_07_TB_DET",2025,"REG",7,"2025-10-20","Monday","19:00","TB",NA,"DET",NA,"Home",NA,NA,NA,"2025102000",NA,NA,"202510200det",28524,"401772816",6841,8,8,185,-225,4.5,-105,-115,53.5,-110,-110,0,"dome","fieldturf",NA,NA,NA,NA,NA,NA,"Todd Bowles","Dan Campbell",NA,"DET00","Ford Field"
"2025_07_HOU_SEA",2025,"REG",7,"2025-10-20","Monday","22:00","HOU",NA,"SEA",NA,"Home",NA,NA,NA,"2025102001",NA,NA,"202510200sea",28525,"401772826",6840,15,8,124,-148,2.5,-105,-115,42.5,-105,-115,0,"outdoors","fieldturf",NA,NA,NA,NA,NA,NA,"DeMeco Ryans","Mike Macdonald",NA,"SEA00","Lumen Field"
"2025_08_MIN_LAC",2025,"REG",8,"2025-10-23","Thursday","20:15","MIN",NA,"LAC",NA,"Home",NA,NA,NA,"2025102300",NA,NA,"202510230sdg",28526,"401772942",6842,4,4,NA,NA,NA,NA,NA,NA,NA,NA,0,"dome","matrixturf",NA,NA,NA,NA,NA,NA,"Kevin O'Connell","Jim Harbaugh",NA,"LAX01","SoFi Stadium"
"2025_08_MIA_ATL",2025,"REG",8,"2025-10-26","Sunday","13:00","MIA",NA,"ATL",NA,"Home",NA,NA,NA,"2025102600",NA,NA,"202510260atl",28527,"401772760",6843,7,7,NA,NA,NA,NA,NA,NA,NA,NA,0,"closed","fieldturf",NA,NA,NA,NA,NA,NA,"Mike McDaniel","Raheem Morris",NA,"ATL97","Mercedes-Benz Stadium"
"2025_08_CHI_BAL",2025,"REG",8,"2025-10-26","Sunday","13:00","CHI",NA,"BAL",NA,"Home",NA,NA,NA,"2025102601",NA,NA,"202510260rav",28528,"401772759",6844,7,14,NA,NA,NA,NA,NA,NA,NA,NA,0,"outdoors","grass",NA,NA,NA,NA,NA,NA,"Ben Johnson","John Harbaugh",NA,"BAL00","M&T Bank Stadium"
"2025_08_BUF_CAR",2025,"REG",8,"2025-10-26","Sunday","13:00","BUF",NA,"CAR",NA,"Home",NA,NA,NA,"2025102602",NA,NA,"202510260car",28529,"401772865",6845,13,7,NA,NA,NA,NA,NA,NA,NA,NA,0,"outdoors","grass",NA,NA,NA,NA,NA,NA,"Sean McDermott","Dave Canales",NA,"CAR00","Bank of America Stadium"
"2025_08_NYJ_CIN",2025,"REG",8,"2025-10-26","Sunday","13:00","NYJ",NA,"CIN",NA,"Home",NA,NA,NA,"2025102603",NA,NA,"202510260cin",28530,"401772758",6846,7,10,NA,NA,NA,NA,NA,NA,NA,NA,0,"outdoors","fieldturf",NA,NA,NA,NA,NA,NA,"Aaron Glenn","Zac Taylor",NA,"CIN00","Paycor Stadium"
"2025_08_SF_HOU",2025,"REG",8,"2025-10-26","Sunday","13:00","SF",NA,"HOU",NA,"Home",NA,NA,NA,"2025102604",NA,NA,"202510260htx",28531,"401772866",6847,7,6,NA,NA,NA,NA,NA,NA,NA,NA,0,"closed","astroturf",NA,NA,NA,NA,NA,NA,"Kyle Shanahan","DeMeco Ryans",NA,"HOU00","NRG Stadium"
"2025_08_CLE_NE",2025,"REG",8,"2025-10-26","Sunday","13:00","CLE",NA,"NE",NA,"Home",NA,NA,NA,"2025102605",NA,NA,"202510260nwe",28532,"401772868",6848,7,7,NA,NA,NA,NA,NA,NA,NA,NA,0,"outdoors","fieldturf",NA,NA,NA,NA,NA,NA,"Kevin Stefanski","Mike Vrabel",NA,"BOS00","Gillette Stadium"
"2025_08_NYG_PHI",2025,"REG",8,"2025-10-26","Sunday","13:00","NYG",NA,"PHI",NA,"Home",NA,NA,NA,"2025102606",NA,NA,"202510260phi",28533,"401772867",6849,7,7,NA,NA,NA,NA,NA,NA,NA,NA,1,"outdoors","grass",NA,NA,NA,NA,NA,NA,"Brian Daboll","Nick Sirianni",NA,"PHI00","Lincoln Financial Field"
"2025_08_TB_NO",2025,"REG",8,"2025-10-26","Sunday","16:05","TB",NA,"NO",NA,"Home",NA,NA,NA,"2025102607",NA,NA,"202510260nor",28534,"401772869",6850,6,7,NA,NA,NA,NA,NA,NA,NA,NA,1,"dome","sportturf",NA,NA,NA,NA,NA,NA,"Todd Bowles","Kellen Moore",NA,"NOR00","Mercedes-Benz Superdome"
"2025_08_DAL_DEN",2025,"REG",8,"2025-10-26","Sunday","16:25","DAL",NA,"DEN",NA,"Home",NA,NA,NA,"2025102608",NA,NA,"202510260den",28535,"401772762",6851,7,7,NA,NA,NA,NA,NA,NA,NA,NA,0,"outdoors","grass",NA,NA,NA,NA,NA,NA,"Brian Schottenheimer","Sean Payton",NA,"DEN00","Empower Field at Mile High"
"2025_08_TEN_IND",2025,"REG",8,"2025-10-26","Sunday","16:25","TEN",NA,"IND",NA,"Home",NA,NA,NA,"2025102609",NA,NA,"202510260clt",28536,"401772761",6852,7,7,NA,NA,NA,NA,NA,NA,NA,NA,1,"closed","fieldturf",NA,NA,NA,NA,NA,NA,"Brian Callahan","Shane Steichen",NA,"IND00","Lucas Oil Stadium"
"2025_08_GB_PIT",2025,"REG",8,"2025-10-26","Sunday","20:20","GB",NA,"PIT",NA,"Home",NA,NA,NA,"2025102610",NA,NA,"202510260pit",28537,"401772925",6853,7,10,NA,NA,NA,NA,NA,NA,NA,NA,0,"outdoors","grass",NA,NA,NA,NA,NA,NA,"Matt LaFleur","Mike Tomlin",NA,"PIT00","Acrisure Stadium"
"2025_08_WAS_KC",2025,"REG",8,"2025-10-27","Monday","20:15","WAS",NA,"KC",NA,"Home",NA,NA,NA,"2025102700",NA,NA,"202510270kan",28538,"401772817",6854,8,8,NA,NA,NA,NA,NA,NA,NA,NA,0,"outdoors","grass",NA,NA,NA,NA,NA,NA,"Dan Quinn","Andy Reid",NA,"KAN00","GEHA Field at Arrowhead Stadium"
"2025_09_BAL_MIA",2025,"REG",9,"2025-10-30","Thursday","20:15","BAL",NA,"MIA",NA,"Home",NA,NA,NA,"2025103000",NA,NA,"202510300mia",28539,"401772943",6855,4,4,NA,NA,NA,NA,NA,NA,NA,NA,0,"outdoors","grass",NA,NA,NA,NA,NA,NA,"John Harbaugh","Mike McDaniel",NA,"MIA00","Hard Rock Stadium"
"2025_09_CHI_CIN",2025,"REG",9,"2025-11-02","Sunday","13:00","CHI",NA,"CIN",NA,"Home",NA,NA,NA,"2025110200",NA,NA,"202511020cin",28540,"401772765",6856,7,7,NA,NA,NA,NA,NA,NA,NA,NA,0,"outdoors","fieldturf",NA,NA,NA,NA,NA,NA,"Ben Johnson","Zac Taylor",NA,"CIN00","Paycor Stadium"
"2025_09_MIN_DET",2025,"REG",9,"2025-11-02","Sunday","13:00","MIN",NA,"DET",NA,"Home",NA,NA,NA,"2025110201",NA,NA,"202511020det",28541,"401772871",6857,10,13,NA,NA,NA,NA,NA,NA,NA,NA,1,"dome","fieldturf",NA,NA,NA,NA,NA,NA,"Kevin O'Connell","Dan Campbell",NA,"DET00","Ford Field"
"2025_09_CAR_GB",2025,"REG",9,"2025-11-02","Sunday","13:00","CAR",NA,"GB",NA,"Home",NA,NA,NA,"2025110202",NA,NA,"202511020gnb",28542,"401772872",6858,7,7,NA,NA,NA,NA,NA,NA,NA,NA,0,"outdoors","grass",NA,NA,NA,NA,NA,NA,"Dave Canales","Matt LaFleur",NA,"GNB00","Lambeau Field"
"2025_09_DEN_HOU",2025,"REG",9,"2025-11-02","Sunday","13:00","DEN",NA,"HOU",NA,"Home",NA,NA,NA,"2025110203",NA,NA,"202511020htx",28543,"401772870",6859,7,7,NA,NA,NA,NA,NA,NA,NA,NA,0,"closed","astroturf",NA,NA,NA,NA,NA,NA,"Sean Payton","DeMeco Ryans",NA,"HOU00","NRG Stadium"
"2025_09_ATL_NE",2025,"REG",9,"2025-11-02","Sunday","13:00","ATL",NA,"NE",NA,"Home",NA,NA,NA,"2025110204",NA,NA,"202511020nwe",28544,"401772763",6860,7,7,NA,NA,NA,NA,NA,NA,NA,NA,0,"outdoors","fieldturf",NA,NA,NA,NA,NA,NA,"Raheem Morris","Mike Vrabel",NA,"BOS00","Gillette Stadium"
"2025_09_SF_NYG",2025,"REG",9,"2025-11-02","Sunday","13:00","SF",NA,"NYG",NA,"Home",NA,NA,NA,"2025110205",NA,NA,"202511020nyg",28545,"401772767",6861,7,7,NA,NA,NA,NA,NA,NA,NA,NA,0,"outdoors","fieldturf",NA,NA,NA,NA,NA,NA,"Kyle Shanahan","Brian Daboll",NA,"NYC01","MetLife Stadium"
"2025_09_IND_PIT",2025,"REG",9,"2025-11-02","Sunday","13:00","IND",NA,"PIT",NA,"Home",NA,NA,NA,"2025110206",NA,NA,"202511020pit",28546,"401772766",6862,7,7,NA,NA,NA,NA,NA,NA,NA,NA,0,"outdoors","grass",NA,NA,NA,NA,NA,NA,"Shane Steichen","Mike Tomlin",NA,"PIT00","Acrisure Stadium"
"2025_09_LAC_TEN",2025,"REG",9,"2025-11-02","Sunday","13:00","LAC",NA,"TEN",NA,"Home",NA,NA,NA,"2025110207",NA,NA,"202511020oti",28547,"401772764",6863,10,7,NA,NA,NA,NA,NA,NA,NA,NA,0,"outdoors","grass",NA,NA,NA,NA,NA,NA,"Jim Harbaugh","Brian Callahan",NA,"NAS00","Nissan Stadium"
"2025_09_NO_LA",2025,"REG",9,"2025-11-02","Sunday","16:05","NO",NA,"LA",NA,"Home",NA,NA,NA,"2025110208",NA,NA,"202511020ram",28548,"401772874",6864,7,14,NA,NA,NA,NA,NA,NA,NA,NA,0,"dome","matrixturf",NA,NA,NA,NA,NA,NA,"Kellen Moore","Sean McVay",NA,"LAX01","SoFi Stadium"
"2025_09_JAX_LV",2025,"REG",9,"2025-11-02","Sunday","16:05","JAX",NA,"LV",NA,"Home",NA,NA,NA,"2025110209",NA,NA,"202511020rai",28549,"401772873",6865,14,14,NA,NA,NA,NA,NA,NA,NA,NA,0,"dome","grass",NA,NA,NA,NA,NA,NA,"Liam Coen","Pete Carroll",NA,"VEG00","Allegiant Stadium"
"2025_09_KC_BUF",2025,"REG",9,"2025-11-02","Sunday","16:25","KC",NA,"BUF",NA,"Home",NA,NA,NA,"2025110210",NA,NA,"202511020buf",28550,"401772768",6866,6,7,NA,NA,NA,NA,NA,NA,NA,NA,0,"outdoors","a_turf",NA,NA,NA,NA,NA,NA,"Andy Reid","Sean McDermott",NA,"BUF00","New Era Field"
"2025_09_SEA_WAS",2025,"REG",9,"2025-11-02","Sunday","20:20","SEA",NA,"WAS",NA,"Home",NA,NA,NA,"2025110211",NA,NA,"202511020was",28551,"401772926",6867,13,6,NA,NA,NA,NA,NA,NA,NA,NA,0,"outdoors","grass",NA,NA,NA,NA,NA,NA,"Mike Macdonald","Dan Quinn",NA,"WAS00","FedExField"
"2025_09_ARI_DAL",2025,"REG",9,"2025-11-03","Monday","20:15","ARI",NA,"DAL",NA,"Home",NA,NA,NA,"2025110300",NA,NA,"202511030dal",28552,"401772818",6868,15,8,NA,NA,NA,NA,NA,NA,NA,NA,0,"closed","matrixturf",NA,NA,NA,NA,NA,NA,"Jonathan Gannon","Brian Schottenheimer",NA,"DAL00","AT&T Stadium"
"2025_10_LV_DEN",2025,"REG",10,"2025-11-06","Thursday","20:15","LV",NA,"DEN",NA,"Home",NA,NA,NA,"2025110600",NA,NA,"202511060den",28553,"401772944",6869,4,4,NA,NA,NA,NA,NA,NA,NA,NA,1,"outdoors","grass",NA,NA,NA,NA,NA,NA,"Pete Carroll","Sean Payton",NA,"DEN00","Empower Field at Mile High"
"2025_10_ATL_IND",2025,"REG",10,"2025-11-09","Sunday","09:30","ATL",NA,"IND",NA,"Neutral",NA,NA,NA,"2025110900",NA,NA,"202511090clt",28554,"401772636",6870,7,7,NA,NA,NA,NA,NA,NA,NA,NA,0,"closed","fieldturf",NA,NA,NA,NA,NA,NA,"Raheem Morris","Shane Steichen",NA,"IND00","Lucas Oil Stadium"
"2025_10_NO_CAR",2025,"REG",10,"2025-11-09","Sunday","13:00","NO",NA,"CAR",NA,"Home",NA,NA,NA,"2025110901",NA,NA,"202511090car",28555,"401772877",6871,7,7,NA,NA,NA,NA,NA,NA,NA,NA,1,"outdoors","grass",NA,NA,NA,NA,NA,NA,"Kellen Moore","Dave Canales",NA,"CAR00","Bank of America Stadium"
"2025_10_NYG_CHI",2025,"REG",10,"2025-11-09","Sunday","13:00","NYG",NA,"CHI",NA,"Home",NA,NA,NA,"2025110902",NA,NA,"202511090chi",28556,"401772875",6872,7,7,NA,NA,NA,NA,NA,NA,NA,NA,0,"outdoors","grass",NA,NA,NA,NA,NA,NA,"Brian Daboll","Ben Johnson",NA,"CHI98","Soldier Field"
"2025_10_JAX_HOU",2025,"REG",10,"2025-11-09","Sunday","13:00","JAX",NA,"HOU",NA,"Home",NA,NA,NA,"2025110903",NA,NA,"202511090htx",28557,"401772770",6873,7,7,NA,NA,NA,NA,NA,NA,NA,NA,1,"closed","astroturf",NA,NA,NA,NA,NA,NA,"Liam Coen","DeMeco Ryans",NA,"HOU00","NRG Stadium"
"2025_10_BUF_MIA",2025,"REG",10,"2025-11-09","Sunday","13:00","BUF",NA,"MIA",NA,"Home",NA,NA,NA,"2025110904",NA,NA,"202511090mia",28558,"401772771",6874,7,10,NA,NA,NA,NA,NA,NA,NA,NA,1,"outdoors","grass",NA,NA,NA,NA,NA,NA,"Sean McDermott","Mike McDaniel",NA,"MIA00","Hard Rock Stadium"
"2025_10_BAL_MIN",2025,"REG",10,"2025-11-09","Sunday","13:00","BAL",NA,"MIN",NA,"Home",NA,NA,NA,"2025110905",NA,NA,"202511090min",28559,"401772876",6875,10,7,NA,NA,NA,NA,NA,NA,NA,NA,0,"dome","sportturf",NA,NA,NA,NA,NA,NA,"John Harbaugh","Kevin O'Connell",NA,"MIN01","U.S. Bank Stadium"
"2025_10_CLE_NYJ",2025,"REG",10,"2025-11-09","Sunday","13:00","CLE",NA,"NYJ",NA,"Home",NA,NA,NA,"2025110906",NA,NA,"202511090nyj",28560,"401772769",6876,14,14,NA,NA,NA,NA,NA,NA,NA,NA,0,"outdoors","fieldturf",NA,NA,NA,NA,NA,NA,"Kevin Stefanski","Aaron Glenn",NA,"NYC01","MetLife Stadium"
"2025_10_NE_TB",2025,"REG",10,"2025-11-09","Sunday","13:00","NE",NA,"TB",NA,"Home",NA,NA,NA,"2025110907",NA,NA,"202511090tam",28561,"401772772",6877,7,14,NA,NA,NA,NA,NA,NA,NA,NA,0,"outdoors","grass",NA,NA,NA,NA,NA,NA,"Mike Vrabel","Todd Bowles",NA,"TAM00","Raymond James Stadium"
"2025_10_ARI_SEA",2025,"REG",10,"2025-11-09","Sunday","16:05","ARI",NA,"SEA",NA,"Home",NA,NA,NA,"2025110908",NA,NA,"202511090sea",28562,"401772773",6878,6,7,NA,NA,NA,NA,NA,NA,NA,NA,1,"outdoors","fieldturf",NA,NA,NA,NA,NA,NA,"Jonathan Gannon","Mike Macdonald",NA,"SEA00","Lumen Field"
"2025_10_LA_SF",2025,"REG",10,"2025-11-09","Sunday","16:25","LA",NA,"SF",NA,"Home",NA,NA,NA,"2025110909",NA,NA,"202511090sfo",28563,"401772879",6879,7,7,NA,NA,NA,NA,NA,NA,NA,NA,1,"outdoors","grass",NA,NA,NA,NA,NA,NA,"Sean McVay","Kyle Shanahan",NA,"SFO01","Levi's Stadium"
"2025_10_DET_WAS",2025,"REG",10,"2025-11-09","Sunday","16:25","DET",NA,"WAS",NA,"Home",NA,NA,NA,"2025110910",NA,NA,"202511090was",28564,"401772878",6880,7,7,NA,NA,NA,NA,NA,NA,NA,NA,0,"outdoors","grass",NA,NA,NA,NA,NA,NA,"Dan Campbell","Dan Quinn",NA,"WAS00","FedExField"
"2025_10_PIT_LAC",2025,"REG",10,"2025-11-09","Sunday","20:20","PIT",NA,"LAC",NA,"Home",NA,NA,NA,"2025110911",NA,NA,"202511090sdg",28565,"401772927",6881,7,7,NA,NA,NA,NA,NA,NA,NA,NA,0,"dome","matrixturf",NA,NA,NA,NA,NA,NA,"Mike Tomlin","Jim Harbaugh",NA,"LAX01","SoFi Stadium"
"2025_10_PHI_GB",2025,"REG",10,"2025-11-10","Monday","20:15","PHI",NA,"GB",NA,"Home",NA,NA,NA,"2025111000",NA,NA,"202511100gnb",28566,"401772630",6882,15,8,NA,NA,NA,NA,NA,NA,NA,NA,0,"outdoors","grass",NA,NA,NA,NA,NA,NA,"Nick Sirianni","Matt LaFleur",NA,"GNB00","Lambeau Field"
"2025_11_NYJ_NE",2025,"REG",11,"2025-11-13","Thursday","20:15","NYJ",NA,"NE",NA,"Home",NA,NA,NA,"2025111300",NA,NA,"202511130nwe",28567,"401772945",6883,4,4,NA,NA,NA,NA,NA,NA,NA,NA,1,"outdoors","fieldturf",NA,NA,NA,NA,NA,NA,"Aaron Glenn","Mike Vrabel",NA,"BOS00","Gillette Stadium"
"2025_11_WAS_MIA",2025,"REG",11,"2025-11-16","Sunday","09:30","WAS",NA,"MIA",NA,"Neutral",NA,NA,NA,"2025111600",NA,NA,"202511160mia",28568,"401772631",6884,7,7,NA,NA,NA,NA,NA,NA,NA,NA,0,"outdoors","grass",NA,NA,NA,NA,NA,NA,"Dan Quinn","Mike McDaniel",NA,"MIA00","Hard Rock Stadium"
"2025_11_CAR_ATL",2025,"REG",11,"2025-11-16","Sunday","13:00","CAR",NA,"ATL",NA,"Home",NA,NA,NA,"2025111601",NA,NA,"202511160atl",28569,"401772882",6885,7,7,NA,NA,NA,NA,NA,NA,NA,NA,1,"closed","fieldturf",NA,NA,NA,NA,NA,NA,"Dave Canales","Raheem Morris",NA,"ATL97","Mercedes-Benz Stadium"
"2025_11_TB_BUF",2025,"REG",11,"2025-11-16","Sunday","13:00","TB",NA,"BUF",NA,"Home",NA,NA,NA,"2025111602",NA,NA,"202511160buf",28570,"401772776",6886,7,7,NA,NA,NA,NA,NA,NA,NA,NA,0,"outdoors","a_turf",NA,NA,NA,NA,NA,NA,"Todd Bowles","Sean McDermott",NA,"BUF00","New Era Field"
"2025_11_LAC_JAX",2025,"REG",11,"2025-11-16","Sunday","13:00","LAC",NA,"JAX",NA,"Home",NA,NA,NA,"2025111603",NA,NA,"202511160jax",28571,"401772775",6887,7,7,NA,NA,NA,NA,NA,NA,NA,NA,0,"outdoors","grass",NA,NA,NA,NA,NA,NA,"Jim Harbaugh","Liam Coen",NA,"JAX00","TIAA Bank Stadium"
"2025_11_CHI_MIN",2025,"REG",11,"2025-11-16","Sunday","13:00","CHI",NA,"MIN",NA,"Home",NA,NA,NA,"2025111604",NA,NA,"202511160min",28573,"401772880",6888,7,7,NA,NA,NA,NA,NA,NA,NA,NA,1,"dome","sportturf",NA,NA,NA,NA,NA,NA,"Ben Johnson","Kevin O'Connell",NA,"MIN01","U.S. Bank Stadium"
"2025_11_GB_NYG",2025,"REG",11,"2025-11-16","Sunday","13:00","GB",NA,"NYG",NA,"Home",NA,NA,NA,"2025111605",NA,NA,"202511160nyg",28574,"401772883",6889,6,7,NA,NA,NA,NA,NA,NA,NA,NA,0,"outdoors","fieldturf",NA,NA,NA,NA,NA,NA,"Matt LaFleur","Brian Daboll",NA,"NYC01","MetLife Stadium"
"2025_11_CIN_PIT",2025,"REG",11,"2025-11-16","Sunday","13:00","CIN",NA,"PIT",NA,"Home",NA,NA,NA,"2025111606",NA,NA,"202511160pit",28575,"401772774",6890,14,7,NA,NA,NA,NA,NA,NA,NA,NA,1,"outdoors","grass",NA,NA,NA,NA,NA,NA,"Zac Taylor","Mike Tomlin",NA,"PIT00","Acrisure Stadium"
"2025_11_HOU_TEN",2025,"REG",11,"2025-11-16","Sunday","13:00","HOU",NA,"TEN",NA,"Home",NA,NA,NA,"2025111607",NA,NA,"202511160oti",28576,"401772881",6891,7,14,NA,NA,NA,NA,NA,NA,NA,NA,1,"outdoors","grass",NA,NA,NA,NA,NA,NA,"DeMeco Ryans","Brian Callahan",NA,"NAS00","Nissan Stadium"
"2025_11_SF_ARI",2025,"REG",11,"2025-11-16","Sunday","16:05","SF",NA,"ARI",NA,"Home",NA,NA,NA,"2025111608",NA,NA,"202511160crd",28577,"401772885",6892,7,7,NA,NA,NA,NA,NA,NA,NA,NA,1,"closed","grass",NA,NA,NA,NA,NA,NA,"Kyle Shanahan","Jonathan Gannon",NA,"PHO00","State Farm Stadium"
"2025_11_SEA_LA",2025,"REG",11,"2025-11-16","Sunday","16:05","SEA",NA,"LA",NA,"Home",NA,NA,NA,"2025111609",NA,NA,"202511160ram",28578,"401772884",6893,7,7,NA,NA,NA,NA,NA,NA,NA,NA,1,"dome","matrixturf",NA,NA,NA,NA,NA,NA,"Mike Macdonald","Sean McVay",NA,"LAX01","SoFi Stadium"
"2025_11_BAL_CLE",2025,"REG",11,"2025-11-16","Sunday","16:25","BAL",NA,"CLE",NA,"Home",NA,NA,NA,"2025111610",NA,NA,"202511160cle",28579,"401772777",6894,7,7,NA,NA,NA,NA,NA,NA,NA,NA,1,"outdoors","grass",NA,NA,NA,NA,NA,NA,"John Harbaugh","Kevin Stefanski",NA,"CLE00","FirstEnergy Stadium"
"2025_11_KC_DEN",2025,"REG",11,"2025-11-16","Sunday","16:25","KC",NA,"DEN",NA,"Home",NA,NA,NA,"2025111611",NA,NA,"202511160den",28580,"401772778",6895,14,10,NA,NA,NA,NA,NA,NA,NA,NA,1,"outdoors","grass",NA,NA,NA,NA,NA,NA,"Andy Reid","Sean Payton",NA,"DEN00","Empower Field at Mile High"
"2025_11_DET_PHI",2025,"REG",11,"2025-11-16","Sunday","20:20","DET",NA,"PHI",NA,"Home",NA,NA,NA,"2025111612",NA,NA,"202511160phi",28581,"401772928",6896,7,6,NA,NA,NA,NA,NA,NA,NA,NA,0,"outdoors","grass",NA,NA,NA,NA,NA,NA,"Dan Campbell","Nick Sirianni",NA,"PHI00","Lincoln Financial Field"
"2025_11_DAL_LV",2025,"REG",11,"2025-11-17","Monday","20:15","DAL",NA,"LV",NA,"Home",NA,NA,NA,"2025111700",NA,NA,"202511170rai",28572,"401772819",6897,14,11,NA,NA,NA,NA,NA,NA,NA,NA,0,"dome","grass",NA,NA,NA,NA,NA,NA,"Brian Schottenheimer","Pete Carroll",NA,"VEG00","Allegiant Stadium"
"2025_12_BUF_HOU",2025,"REG",12,"2025-11-20","Thursday","20:15","BUF",NA,"HOU",NA,"Home",NA,NA,NA,"2025112000",NA,NA,"202511200htx",28582,"401772946",6898,4,4,NA,NA,NA,NA,NA,NA,NA,NA,0,"closed","astroturf",NA,NA,NA,NA,NA,NA,"Sean McDermott","DeMeco Ryans",NA,"HOU00","NRG Stadium"
"2025_12_NYJ_BAL",2025,"REG",12,"2025-11-23","Sunday","13:00","NYJ",NA,"BAL",NA,"Home",NA,NA,NA,"2025112300",NA,NA,"202511230rav",28583,"401772782",6899,10,7,NA,NA,NA,NA,NA,NA,NA,NA,0,"outdoors","grass",NA,NA,NA,NA,NA,NA,"Aaron Glenn","John Harbaugh",NA,"BAL00","M&T Bank Stadium"
"2025_12_PIT_CHI",2025,"REG",12,"2025-11-23","Sunday","13:00","PIT",NA,"CHI",NA,"Home",NA,NA,NA,"2025112301",NA,NA,"202511230chi",28584,"401772780",6900,7,7,NA,NA,NA,NA,NA,NA,NA,NA,0,"outdoors","grass",NA,NA,NA,NA,NA,NA,"Mike Tomlin","Ben Johnson",NA,"CHI98","Soldier Field"
"2025_12_NE_CIN",2025,"REG",12,"2025-11-23","Sunday","13:00","NE",NA,"CIN",NA,"Home",NA,NA,NA,"2025112302",NA,NA,"202511230cin",28585,"401772781",6901,10,7,NA,NA,NA,NA,NA,NA,NA,NA,0,"outdoors","fieldturf",NA,NA,NA,NA,NA,NA,"Mike Vrabel","Zac Taylor",NA,"CIN00","Paycor Stadium"
"2025_12_NYG_DET",2025,"REG",12,"2025-11-23","Sunday","13:00","NYG",NA,"DET",NA,"Home",NA,NA,NA,"2025112303",NA,NA,"202511230det",28586,"401772888",6902,7,7,NA,NA,NA,NA,NA,NA,NA,NA,0,"dome","fieldturf",NA,NA,NA,NA,NA,NA,"Brian Daboll","Dan Campbell",NA,"DET00","Ford Field"
"2025_12_MIN_GB",2025,"REG",12,"2025-11-23","Sunday","13:00","MIN",NA,"GB",NA,"Home",NA,NA,NA,"2025112304",NA,NA,"202511230gnb",28587,"401772887",6903,7,7,NA,NA,NA,NA,NA,NA,NA,NA,1,"outdoors","grass",NA,NA,NA,NA,NA,NA,"Kevin O'Connell","Matt LaFleur",NA,"GNB00","Lambeau Field"
"2025_12_IND_KC",2025,"REG",12,"2025-11-23","Sunday","13:00","IND",NA,"KC",NA,"Home",NA,NA,NA,"2025112305",NA,NA,"202511230kan",28588,"401772779",6904,14,7,NA,NA,NA,NA,NA,NA,NA,NA,0,"outdoors","grass",NA,NA,NA,NA,NA,NA,"Shane Steichen","Andy Reid",NA,"KAN00","GEHA Field at Arrowhead Stadium"
"2025_12_SEA_TEN",2025,"REG",12,"2025-11-23","Sunday","13:00","SEA",NA,"TEN",NA,"Home",NA,NA,NA,"2025112306",NA,NA,"202511230oti",28589,"401772886",6905,7,7,NA,NA,NA,NA,NA,NA,NA,NA,0,"outdoors","grass",NA,NA,NA,NA,NA,NA,"Mike Macdonald","Brian Callahan",NA,"NAS00","Nissan Stadium"
"2025_12_JAX_ARI",2025,"REG",12,"2025-11-23","Sunday","16:05","JAX",NA,"ARI",NA,"Home",NA,NA,NA,"2025112307",NA,NA,"202511230crd",28590,"401772783",6906,7,7,NA,NA,NA,NA,NA,NA,NA,NA,0,"closed","grass",NA,NA,NA,NA,NA,NA,"Liam Coen","Jonathan Gannon",NA,"PHO00","State Farm Stadium"
"2025_12_CLE_LV",2025,"REG",12,"2025-11-23","Sunday","16:05","CLE",NA,"LV",NA,"Home",NA,NA,NA,"2025112308",NA,NA,"202511230rai",28591,"401772784",6907,7,6,NA,NA,NA,NA,NA,NA,NA,NA,0,"dome","grass",NA,NA,NA,NA,NA,NA,"Kevin Stefanski","Pete Carroll",NA,"VEG00","Allegiant Stadium"
"2025_12_PHI_DAL",2025,"REG",12,"2025-11-23","Sunday","16:25","PHI",NA,"DAL",NA,"Home",NA,NA,NA,"2025112309",NA,NA,"202511230dal",28592,"401772890",6908,7,6,NA,NA,NA,NA,NA,NA,NA,NA,1,"closed","matrixturf",NA,NA,NA,NA,NA,NA,"Nick Sirianni","Brian Schottenheimer",NA,"DAL00","AT&T Stadium"
"2025_12_ATL_NO",2025,"REG",12,"2025-11-23","Sunday","16:25","ATL",NA,"NO",NA,"Home",NA,NA,NA,"2025112310",NA,NA,"202511230nor",28593,"401772889",6909,7,14,NA,NA,NA,NA,NA,NA,NA,NA,1,"dome","sportturf",NA,NA,NA,NA,NA,NA,"Raheem Morris","Kellen Moore",NA,"NOR00","Mercedes-Benz Superdome"
"2025_12_TB_LA",2025,"REG",12,"2025-11-23","Sunday","20:20","TB",NA,"LA",NA,"Home",NA,NA,NA,"2025112311",NA,NA,"202511230ram",28594,"401772929",6910,7,7,NA,NA,NA,NA,NA,NA,NA,NA,0,"dome","matrixturf",NA,NA,NA,NA,NA,NA,"Todd Bowles","Sean McVay",NA,"LAX01","SoFi Stadium"
"2025_12_CAR_SF",2025,"REG",12,"2025-11-24","Monday","20:15","CAR",NA,"SF",NA,"Home",NA,NA,NA,"2025112400",NA,NA,"202511240sfo",28595,"401772820",6911,8,8,NA,NA,NA,NA,NA,NA,NA,NA,0,"outdoors","grass",NA,NA,NA,NA,NA,NA,"Dave Canales","Kyle Shanahan",NA,"SFO01","Levi's Stadium"
"2025_13_GB_DET",2025,"REG",13,"2025-11-27","Thursday","13:00","GB",NA,"DET",NA,"Home",NA,NA,NA,"2025112700",NA,NA,"202511270det",28596,"401772891",6912,4,4,NA,NA,NA,NA,NA,NA,NA,NA,1,"dome","fieldturf",NA,NA,NA,NA,NA,NA,"Matt LaFleur","Dan Campbell",NA,"DET00","Ford Field"
"2025_13_KC_DAL",2025,"REG",13,"2025-11-27","Thursday","16:30","KC",NA,"DAL",NA,"Home",NA,NA,NA,"2025112701",NA,NA,"202511270dal",28597,"401772694",6913,4,4,NA,NA,NA,NA,NA,NA,NA,NA,0,"closed","matrixturf",NA,NA,NA,NA,NA,NA,"Andy Reid","Brian Schottenheimer",NA,"DAL00","AT&T Stadium"
"2025_13_CIN_BAL",2025,"REG",13,"2025-11-27","Thursday","20:20","CIN",NA,"BAL",NA,"Home",NA,NA,NA,"2025112702",NA,NA,"202511270rav",28598,"401772930",6914,4,4,NA,NA,NA,NA,NA,NA,NA,NA,1,"outdoors","grass",NA,NA,NA,NA,NA,NA,"Zac Taylor","John Harbaugh",NA,"BAL00","M&T Bank Stadium"
"2025_13_CHI_PHI",2025,"REG",13,"2025-11-28","Friday","15:00","CHI",NA,"PHI",NA,"Home",NA,NA,NA,"2025112800",NA,NA,"202511280phi",28599,"401772621",6915,5,5,NA,NA,NA,NA,NA,NA,NA,NA,0,"outdoors","grass",NA,NA,NA,NA,NA,NA,"Ben Johnson","Nick Sirianni",NA,"PHI00","Lincoln Financial Field"
"2025_13_LA_CAR",2025,"REG",13,"2025-11-30","Sunday","13:00","LA",NA,"CAR",NA,"Home",NA,NA,NA,"2025113000",NA,NA,"202511300car",28600,"401772894",6916,7,6,NA,NA,NA,NA,NA,NA,NA,NA,0,"outdoors","grass",NA,NA,NA,NA,NA,NA,"Sean McVay","Dave Canales",NA,"CAR00","Bank of America Stadium"
"2025_13_SF_CLE",2025,"REG",13,"2025-11-30","Sunday","13:00","SF",NA,"CLE",NA,"Home",NA,NA,NA,"2025113001",NA,NA,"202511300cle",28601,"401772785",6917,6,7,NA,NA,NA,NA,NA,NA,NA,NA,0,"outdoors","grass",NA,NA,NA,NA,NA,NA,"Kyle Shanahan","Kevin Stefanski",NA,"CLE00","FirstEnergy Stadium"
"2025_13_HOU_IND",2025,"REG",13,"2025-11-30","Sunday","13:00","HOU",NA,"IND",NA,"Home",NA,NA,NA,"2025113002",NA,NA,"202511300clt",28602,"401772787",6918,10,7,NA,NA,NA,NA,NA,NA,NA,NA,1,"closed","fieldturf",NA,NA,NA,NA,NA,NA,"DeMeco Ryans","Shane Steichen",NA,"IND00","Lucas Oil Stadium"
"2025_13_NO_MIA",2025,"REG",13,"2025-11-30","Sunday","13:00","NO",NA,"MIA",NA,"Home",NA,NA,NA,"2025113003",NA,NA,"202511300mia",28603,"401772892",6919,7,14,NA,NA,NA,NA,NA,NA,NA,NA,0,"outdoors","grass",NA,NA,NA,NA,NA,NA,"Kellen Moore","Mike McDaniel",NA,"MIA00","Hard Rock Stadium"
"2025_13_ATL_NYJ",2025,"REG",13,"2025-11-30","Sunday","13:00","ATL",NA,"NYJ",NA,"Home",NA,NA,NA,"2025113004",NA,NA,"202511300nyj",28604,"401772893",6920,7,7,NA,NA,NA,NA,NA,NA,NA,NA,0,"outdoors","fieldturf",NA,NA,NA,NA,NA,NA,"Raheem Morris","Aaron Glenn",NA,"NYC01","MetLife Stadium"
"2025_13_ARI_TB",2025,"REG",13,"2025-11-30","Sunday","13:00","ARI",NA,"TB",NA,"Home",NA,NA,NA,"2025113005",NA,NA,"202511300tam",28605,"401772895",6921,7,7,NA,NA,NA,NA,NA,NA,NA,NA,0,"outdoors","grass",NA,NA,NA,NA,NA,NA,"Jonathan Gannon","Todd Bowles",NA,"TAM00","Raymond James Stadium"
"2025_13_JAX_TEN",2025,"REG",13,"2025-11-30","Sunday","13:00","JAX",NA,"TEN",NA,"Home",NA,NA,NA,"2025113006",NA,NA,"202511300oti",28606,"401772786",6922,7,7,NA,NA,NA,NA,NA,NA,NA,NA,1,"outdoors","grass",NA,NA,NA,NA,NA,NA,"Liam Coen","Brian Callahan",NA,"NAS00","Nissan Stadium"
"2025_13_MIN_SEA",2025,"REG",13,"2025-11-30","Sunday","16:05","MIN",NA,"SEA",NA,"Home",NA,NA,NA,"2025113007",NA,NA,"202511300sea",28608,"401772896",6923,7,7,NA,NA,NA,NA,NA,NA,NA,NA,0,"outdoors","fieldturf",NA,NA,NA,NA,NA,NA,"Kevin O'Connell","Mike Macdonald",NA,"SEA00","Lumen Field"
"2025_13_LV_LAC",2025,"REG",13,"2025-11-30","Sunday","16:25","LV",NA,"LAC",NA,"Home",NA,NA,NA,"2025113008",NA,NA,"202511300sdg",28607,"401772788",6924,7,14,NA,NA,NA,NA,NA,NA,NA,NA,1,"dome","matrixturf",NA,NA,NA,NA,NA,NA,"Pete Carroll","Jim Harbaugh",NA,"LAX01","SoFi Stadium"
"2025_13_BUF_PIT",2025,"REG",13,"2025-11-30","Sunday","16:25","BUF",NA,"PIT",NA,"Home",NA,NA,NA,"2025113009",NA,NA,"202511300pit",28609,"401772789",6925,10,7,NA,NA,NA,NA,NA,NA,NA,NA,0,"outdoors","grass",NA,NA,NA,NA,NA,NA,"Sean McDermott","Mike Tomlin",NA,"PIT00","Acrisure Stadium"
"2025_13_DEN_WAS",2025,"REG",13,"2025-11-30","Sunday","20:20","DEN",NA,"WAS",NA,"Home",NA,NA,NA,"2025113010",NA,NA,"202511300was",28610,"401772931",6926,14,14,NA,NA,NA,NA,NA,NA,NA,NA,0,"outdoors","grass",NA,NA,NA,NA,NA,NA,"Sean Payton","Dan Quinn",NA,"WAS00","FedExField"
"2025_13_NYG_NE",2025,"REG",13,"2025-12-01","Monday","20:15","NYG",NA,"NE",NA,"Home",NA,NA,NA,"2025120100",NA,NA,"202512010nwe",28611,"401772821",6927,8,8,NA,NA,NA,NA,NA,NA,NA,NA,0,"outdoors","fieldturf",NA,NA,NA,NA,NA,NA,"Brian Daboll","Mike Vrabel",NA,"BOS00","Gillette Stadium"
"2025_14_DAL_DET",2025,"REG",14,"2025-12-04","Thursday","20:15","DAL",NA,"DET",NA,"Home",NA,NA,NA,"2025120400",NA,NA,"202512040det",28612,"401772947",6928,7,7,NA,NA,NA,NA,NA,NA,NA,NA,0,"dome","fieldturf",NA,NA,NA,NA,NA,NA,"Brian Schottenheimer","Dan Campbell",NA,"DET00","Ford Field"
"2025_14_SEA_ATL",2025,"REG",14,"2025-12-07","Sunday","13:00","SEA",NA,"ATL",NA,"Home",NA,NA,NA,"2025120700",NA,NA,"202512070atl",28613,"401772900",6929,7,7,NA,NA,NA,NA,NA,NA,NA,NA,0,"closed","fieldturf",NA,NA,NA,NA,NA,NA,"Mike Macdonald","Raheem Morris",NA,"ATL97","Mercedes-Benz Stadium"
"2025_14_PIT_BAL",2025,"REG",14,"2025-12-07","Sunday","13:00","PIT",NA,"BAL",NA,"Home",NA,NA,NA,"2025120701",NA,NA,"202512070rav",28614,"401772791",6930,7,10,NA,NA,NA,NA,NA,NA,NA,NA,1,"outdoors","grass",NA,NA,NA,NA,NA,NA,"Mike Tomlin","John Harbaugh",NA,"BAL00","M&T Bank Stadium"
"2025_14_TEN_CLE",2025,"REG",14,"2025-12-07","Sunday","13:00","TEN",NA,"CLE",NA,"Home",NA,NA,NA,"2025120702",NA,NA,"202512070cle",28615,"401772898",6931,7,7,NA,NA,NA,NA,NA,NA,NA,NA,0,"outdoors","grass",NA,NA,NA,NA,NA,NA,"Brian Callahan","Kevin Stefanski",NA,"CLE00","FirstEnergy Stadium"
"2025_14_CHI_GB",2025,"REG",14,"2025-12-07","Sunday","13:00","CHI",NA,"GB",NA,"Home",NA,NA,NA,"2025120703",NA,NA,"202512070gnb",28616,"401772897",6932,9,10,NA,NA,NA,NA,NA,NA,NA,NA,1,"outdoors","grass",NA,NA,NA,NA,NA,NA,"Ben Johnson","Matt LaFleur",NA,"GNB00","Lambeau Field"
"2025_14_IND_JAX",2025,"REG",14,"2025-12-07","Sunday","13:00","IND",NA,"JAX",NA,"Home",NA,NA,NA,"2025120704",NA,NA,"202512070jax",28617,"401772793",6933,7,7,NA,NA,NA,NA,NA,NA,NA,NA,1,"outdoors","grass",NA,NA,NA,NA,NA,NA,"Shane Steichen","Liam Coen",NA,"JAX00","TIAA Bank Stadium"
"2025_14_WAS_MIN",2025,"REG",14,"2025-12-07","Sunday","13:00","WAS",NA,"MIN",NA,"Home",NA,NA,NA,"2025120705",NA,NA,"202512070min",28618,"401772899",6934,7,7,NA,NA,NA,NA,NA,NA,NA,NA,0,"dome","sportturf",NA,NA,NA,NA,NA,NA,"Dan Quinn","Kevin O'Connell",NA,"MIN01","U.S. Bank Stadium"
"2025_14_MIA_NYJ",2025,"REG",14,"2025-12-07","Sunday","13:00","MIA",NA,"NYJ",NA,"Home",NA,NA,NA,"2025120706",NA,NA,"202512070nyj",28619,"401772790",6935,7,7,NA,NA,NA,NA,NA,NA,NA,NA,1,"outdoors","fieldturf",NA,NA,NA,NA,NA,NA,"Mike McDaniel","Aaron Glenn",NA,"NYC01","MetLife Stadium"
"2025_14_NO_TB",2025,"REG",14,"2025-12-07","Sunday","13:00","NO",NA,"TB",NA,"Home",NA,NA,NA,"2025120707",NA,NA,"202512070tam",28620,"401772792",6936,7,7,NA,NA,NA,NA,NA,NA,NA,NA,1,"outdoors","grass",NA,NA,NA,NA,NA,NA,"Kellen Moore","Todd Bowles",NA,"TAM00","Raymond James Stadium"
"2025_14_DEN_LV",2025,"REG",14,"2025-12-07","Sunday","16:05","DEN",NA,"LV",NA,"Home",NA,NA,NA,"2025120708",NA,NA,"202512070rai",28621,"401772794",6937,7,7,NA,NA,NA,NA,NA,NA,NA,NA,1,"dome","grass",NA,NA,NA,NA,NA,NA,"Sean Payton","Pete Carroll",NA,"VEG00","Allegiant Stadium"
"2025_14_LA_ARI",2025,"REG",14,"2025-12-07","Sunday","16:25","LA",NA,"ARI",NA,"Home",NA,NA,NA,"2025120709",NA,NA,"202512070crd",28622,"401772901",6938,7,7,NA,NA,NA,NA,NA,NA,NA,NA,1,"closed","grass",NA,NA,NA,NA,NA,NA,"Sean McVay","Jonathan Gannon",NA,"PHO00","State Farm Stadium"
"2025_14_CIN_BUF",2025,"REG",14,"2025-12-07","Sunday","16:25","CIN",NA,"BUF",NA,"Home",NA,NA,NA,"2025120710",NA,NA,"202512070buf",28623,"401772902",6939,10,7,NA,NA,NA,NA,NA,NA,NA,NA,0,"outdoors","a_turf",NA,NA,NA,NA,NA,NA,"Zac Taylor","Sean McDermott",NA,"BUF00","New Era Field"
"2025_14_HOU_KC",2025,"REG",14,"2025-12-07","Sunday","20:20","HOU",NA,"KC",NA,"Home",NA,NA,NA,"2025120711",NA,NA,"202512070kan",28624,"401772932",6940,7,10,NA,NA,NA,NA,NA,NA,NA,NA,0,"outdoors","grass",NA,NA,NA,NA,NA,NA,"DeMeco Ryans","Andy Reid",NA,"KAN00","GEHA Field at Arrowhead Stadium"
"2025_14_PHI_LAC",2025,"REG",14,"2025-12-08","Monday","20:15","PHI",NA,"LAC",NA,"Home",NA,NA,NA,"2025120800",NA,NA,"202512080sdg",28625,"401772822",6941,10,8,NA,NA,NA,NA,NA,NA,NA,NA,0,"dome","matrixturf",NA,NA,NA,NA,NA,NA,"Nick Sirianni","Jim Harbaugh",NA,"LAX01","SoFi Stadium"
"2025_15_ATL_TB",2025,"REG",15,"2025-12-11","Thursday","20:15","ATL",NA,"TB",NA,"Home",NA,NA,NA,"2025121100",NA,NA,"202512110tam",28626,"401772948",6942,4,4,NA,NA,NA,NA,NA,NA,NA,NA,1,"outdoors","grass",NA,NA,NA,NA,NA,NA,"Raheem Morris","Todd Bowles",NA,"TAM00","Raymond James Stadium"
"2025_15_CLE_CHI",2025,"REG",15,"2025-12-14","Sunday","13:00","CLE",NA,"CHI",NA,"Home",NA,NA,NA,"2025121400",NA,NA,"202512140chi",28627,"401772904",6943,7,7,NA,NA,NA,NA,NA,NA,NA,NA,0,"outdoors","grass",NA,NA,NA,NA,NA,NA,"Kevin Stefanski","Ben Johnson",NA,"CHI98","Soldier Field"
"2025_15_BAL_CIN",2025,"REG",15,"2025-12-14","Sunday","13:00","BAL",NA,"CIN",NA,"Home",NA,NA,NA,"2025121401",NA,NA,"202512140cin",28628,"401772796",6944,7,7,NA,NA,NA,NA,NA,NA,NA,NA,1,"outdoors","fieldturf",NA,NA,NA,NA,NA,NA,"John Harbaugh","Zac Taylor",NA,"CIN00","Paycor Stadium"
"2025_15_ARI_HOU",2025,"REG",15,"2025-12-14","Sunday","13:00","ARI",NA,"HOU",NA,"Home",NA,NA,NA,"2025121402",NA,NA,"202512140htx",28629,"401772903",6945,7,7,NA,NA,NA,NA,NA,NA,NA,NA,0,"closed","astroturf",NA,NA,NA,NA,NA,NA,"Jonathan Gannon","DeMeco Ryans",NA,"HOU00","NRG Stadium"
"2025_15_NYJ_JAX",2025,"REG",15,"2025-12-14","Sunday","13:00","NYJ",NA,"JAX",NA,"Home",NA,NA,NA,"2025121403",NA,NA,"202512140jax",28630,"401772797",6946,7,7,NA,NA,NA,NA,NA,NA,NA,NA,0,"outdoors","grass",NA,NA,NA,NA,NA,NA,"Aaron Glenn","Liam Coen",NA,"JAX00","TIAA Bank Stadium"
"2025_15_LAC_KC",2025,"REG",15,"2025-12-14","Sunday","13:00","LAC",NA,"KC",NA,"Home",NA,NA,NA,"2025121404",NA,NA,"202512140kan",28631,"401772798",6947,6,7,NA,NA,NA,NA,NA,NA,NA,NA,1,"outdoors","grass",NA,NA,NA,NA,NA,NA,"Jim Harbaugh","Andy Reid",NA,"KAN00","GEHA Field at Arrowhead Stadium"
"2025_15_BUF_NE",2025,"REG",15,"2025-12-14","Sunday","13:00","BUF",NA,"NE",NA,"Home",NA,NA,NA,"2025121405",NA,NA,"202512140nwe",28632,"401772795",6948,7,13,NA,NA,NA,NA,NA,NA,NA,NA,1,"outdoors","fieldturf",NA,NA,NA,NA,NA,NA,"Sean McDermott","Mike Vrabel",NA,"BOS00","Gillette Stadium"
"2025_15_WAS_NYG",2025,"REG",15,"2025-12-14","Sunday","13:00","WAS",NA,"NYG",NA,"Home",NA,NA,NA,"2025121406",NA,NA,"202512140nyg",28633,"401772905",6949,7,13,NA,NA,NA,NA,NA,NA,NA,NA,1,"outdoors","fieldturf",NA,NA,NA,NA,NA,NA,"Dan Quinn","Brian Daboll",NA,"NYC01","MetLife Stadium"
"2025_15_LV_PHI",2025,"REG",15,"2025-12-14","Sunday","13:00","LV",NA,"PHI",NA,"Home",NA,NA,NA,"2025121407",NA,NA,"202512140phi",28634,"401772906",6950,7,6,NA,NA,NA,NA,NA,NA,NA,NA,0,"outdoors","grass",NA,NA,NA,NA,NA,NA,"Pete Carroll","Nick Sirianni",NA,"PHI00","Lincoln Financial Field"
"2025_15_GB_DEN",2025,"REG",15,"2025-12-14","Sunday","16:25","GB",NA,"DEN",NA,"Home",NA,NA,NA,"2025121408",NA,NA,"202512140den",28635,"401772800",6951,7,7,NA,NA,NA,NA,NA,NA,NA,NA,0,"outdoors","grass",NA,NA,NA,NA,NA,NA,"Matt LaFleur","Sean Payton",NA,"DEN00","Empower Field at Mile High"
"2025_15_DET_LA",2025,"REG",15,"2025-12-14","Sunday","16:25","DET",NA,"LA",NA,"Home",NA,NA,NA,"2025121409",NA,NA,"202512140ram",28638,"401772909",6952,10,7,NA,NA,NA,NA,NA,NA,NA,NA,0,"dome","matrixturf",NA,NA,NA,NA,NA,NA,"Dan Campbell","Sean McVay",NA,"LAX01","SoFi Stadium"
"2025_15_CAR_NO",2025,"REG",15,"2025-12-14","Sunday","16:25","CAR",NA,"NO",NA,"Home",NA,NA,NA,"2025121410",NA,NA,"202512140nor",28636,"401772908",6953,14,7,NA,NA,NA,NA,NA,NA,NA,NA,1,"dome","sportturf",NA,NA,NA,NA,NA,NA,"Dave Canales","Kellen Moore",NA,"NOR00","Mercedes-Benz Superdome"
"2025_15_IND_SEA",2025,"REG",15,"2025-12-14","Sunday","16:25","IND",NA,"SEA",NA,"Home",NA,NA,NA,"2025121411",NA,NA,"202512140sea",28637,"401772799",6954,7,7,NA,NA,NA,NA,NA,NA,NA,NA,0,"outdoors","fieldturf",NA,NA,NA,NA,NA,NA,"Shane Steichen","Mike Macdonald",NA,"SEA00","Lumen Field"
"2025_15_TEN_SF",2025,"REG",15,"2025-12-14","Sunday","16:25","TEN",NA,"SF",NA,"Home",NA,NA,NA,"2025121412",NA,NA,"202512140sfo",28639,"401772907",6955,7,14,NA,NA,NA,NA,NA,NA,NA,NA,0,"outdoors","grass",NA,NA,NA,NA,NA,NA,"Brian Callahan","Kyle Shanahan",NA,"SFO01","Levi's Stadium"
"2025_15_MIN_DAL",2025,"REG",15,"2025-12-14","Sunday","20:20","MIN",NA,"DAL",NA,"Home",NA,NA,NA,"2025121413",NA,NA,"202512140dal",28640,"401772933",6956,7,10,NA,NA,NA,NA,NA,NA,NA,NA,0,"closed","matrixturf",NA,NA,NA,NA,NA,NA,"Kevin O'Connell","Brian Schottenheimer",NA,"DAL00","AT&T Stadium"
"2025_15_MIA_PIT",2025,"REG",15,"2025-12-15","Monday","20:15","MIA",NA,"PIT",NA,"Home",NA,NA,NA,"2025121500",NA,NA,"202512150pit",28641,"401772823",6957,8,8,NA,NA,NA,NA,NA,NA,NA,NA,0,"outdoors","grass",NA,NA,NA,NA,NA,NA,"Mike McDaniel","Mike Tomlin",NA,"PIT00","Acrisure Stadium"
"2025_16_LA_SEA",2025,"REG",16,"2025-12-18","Thursday","20:15","LA",NA,"SEA",NA,"Home",NA,NA,NA,"2025121800",NA,NA,"202512180sea",28642,"401772949",6958,4,4,NA,NA,NA,NA,NA,NA,NA,NA,1,"outdoors","fieldturf",NA,NA,NA,NA,NA,NA,"Sean McVay","Mike Macdonald",NA,"SEA00","Lumen Field"
"2025_16_GB_CHI",2025,"REG",16,"2025-12-19","Friday","13:00","GB",NA,"CHI",NA,"Home",NA,NA,NA,"2025121900",NA,NA,"202512190chi",28643,"401772613",6959,5,5,NA,NA,NA,NA,NA,NA,NA,NA,1,"outdoors","grass",NA,NA,NA,NA,NA,NA,"Matt LaFleur","Ben Johnson",NA,"CHI98","Soldier Field"
"2025_16_PHI_WAS",2025,"REG",16,"2025-12-19","Friday","13:00","PHI",NA,"WAS",NA,"Home",NA,NA,NA,"2025121901",NA,NA,"202512190was",28644,"401772612",6960,5,5,NA,NA,NA,NA,NA,NA,NA,NA,1,"outdoors","grass",NA,NA,NA,NA,NA,NA,"Nick Sirianni","Dan Quinn",NA,"WAS00","FedExField"
"2025_16_NE_BAL",2025,"REG",16,"2025-12-21","Sunday","13:00","NE",NA,"BAL",NA,"Home",NA,NA,NA,"2025122100",NA,NA,"202512210rav",28645,"401772804",6961,7,7,NA,NA,NA,NA,NA,NA,NA,NA,0,"outdoors","grass",NA,NA,NA,NA,NA,NA,"Mike Vrabel","John Harbaugh",NA,"BAL00","M&T Bank Stadium"
"2025_16_TB_CAR",2025,"REG",16,"2025-12-21","Sunday","13:00","TB",NA,"CAR",NA,"Home",NA,NA,NA,"2025122101",NA,NA,"202512210car",28646,"401772912",6962,10,7,NA,NA,NA,NA,NA,NA,NA,NA,1,"outdoors","grass",NA,NA,NA,NA,NA,NA,"Todd Bowles","Dave Canales",NA,"CAR00","Bank of America Stadium"
"2025_16_BUF_CLE",2025,"REG",16,"2025-12-21","Sunday","13:00","BUF",NA,"CLE",NA,"Home",NA,NA,NA,"2025122102",NA,NA,"202512210cle",28647,"401772802",6963,7,7,NA,NA,NA,NA,NA,NA,NA,NA,0,"outdoors","grass",NA,NA,NA,NA,NA,NA,"Sean McDermott","Kevin Stefanski",NA,"CLE00","FirstEnergy Stadium"
"2025_16_LAC_DAL",2025,"REG",16,"2025-12-21","Sunday","13:00","LAC",NA,"DAL",NA,"Home",NA,NA,NA,"2025122103",NA,NA,"202512210dal",28648,"401772910",6964,7,7,NA,NA,NA,NA,NA,NA,NA,NA,0,"closed","matrixturf",NA,NA,NA,NA,NA,NA,"Jim Harbaugh","Brian Schottenheimer",NA,"DAL00","AT&T Stadium"
"2025_16_NYJ_NO",2025,"REG",16,"2025-12-21","Sunday","13:00","NYJ",NA,"NO",NA,"Home",NA,NA,NA,"2025122104",NA,NA,"202512210nor",28649,"401772801",6965,7,7,NA,NA,NA,NA,NA,NA,NA,NA,0,"dome","sportturf",NA,NA,NA,NA,NA,NA,"Aaron Glenn","Kellen Moore",NA,"NOR00","Mercedes-Benz Superdome"
"2025_16_MIN_NYG",2025,"REG",16,"2025-12-21","Sunday","13:00","MIN",NA,"NYG",NA,"Home",NA,NA,NA,"2025122105",NA,NA,"202512210nyg",28650,"401772911",6966,7,7,NA,NA,NA,NA,NA,NA,NA,NA,0,"outdoors","fieldturf",NA,NA,NA,NA,NA,NA,"Kevin O'Connell","Brian Daboll",NA,"NYC01","MetLife Stadium"
"2025_16_KC_TEN",2025,"REG",16,"2025-12-21","Sunday","13:00","KC",NA,"TEN",NA,"Home",NA,NA,NA,"2025122106",NA,NA,"202512210oti",28651,"401772803",6967,7,7,NA,NA,NA,NA,NA,NA,NA,NA,0,"outdoors","grass",NA,NA,NA,NA,NA,NA,"Andy Reid","Brian Callahan",NA,"NAS00","Nissan Stadium"
"2025_16_ATL_ARI",2025,"REG",16,"2025-12-21","Sunday","16:05","ATL",NA,"ARI",NA,"Home",NA,NA,NA,"2025122107",NA,NA,"202512210crd",28652,"401772914",6968,10,7,NA,NA,NA,NA,NA,NA,NA,NA,0,"closed","grass",NA,NA,NA,NA,NA,NA,"Raheem Morris","Jonathan Gannon",NA,"PHO00","State Farm Stadium"
"2025_16_JAX_DEN",2025,"REG",16,"2025-12-21","Sunday","16:05","JAX",NA,"DEN",NA,"Home",NA,NA,NA,"2025122108",NA,NA,"202512210den",28653,"401772913",6969,7,7,NA,NA,NA,NA,NA,NA,NA,NA,0,"outdoors","grass",NA,NA,NA,NA,NA,NA,"Liam Coen","Sean Payton",NA,"DEN00","Empower Field at Mile High"
"2025_16_PIT_DET",2025,"REG",16,"2025-12-21","Sunday","16:25","PIT",NA,"DET",NA,"Home",NA,NA,NA,"2025122109",NA,NA,"202512210det",28654,"401772806",6970,6,7,NA,NA,NA,NA,NA,NA,NA,NA,0,"dome","fieldturf",NA,NA,NA,NA,NA,NA,"Mike Tomlin","Dan Campbell",NA,"DET00","Ford Field"
"2025_16_LV_HOU",2025,"REG",16,"2025-12-21","Sunday","16:25","LV",NA,"HOU",NA,"Home",NA,NA,NA,"2025122110",NA,NA,"202512210htx",28655,"401772805",6971,7,7,NA,NA,NA,NA,NA,NA,NA,NA,0,"closed","astroturf",NA,NA,NA,NA,NA,NA,"Pete Carroll","DeMeco Ryans",NA,"HOU00","NRG Stadium"
"2025_16_CIN_MIA",2025,"REG",16,"2025-12-21","Sunday","20:20","CIN",NA,"MIA",NA,"Home",NA,NA,NA,"2025122111",NA,NA,"202512210mia",28656,"401772934",6972,7,6,NA,NA,NA,NA,NA,NA,NA,NA,0,"outdoors","grass",NA,NA,NA,NA,NA,NA,"Zac Taylor","Mike McDaniel",NA,"MIA00","Hard Rock Stadium"
"2025_16_SF_IND",2025,"REG",16,"2025-12-22","Monday","20:15","SF",NA,"IND",NA,"Home",NA,NA,NA,"2025122200",NA,NA,"202512220clt",28657,"401772824",6973,8,8,NA,NA,NA,NA,NA,NA,NA,NA,0,"closed","fieldturf",NA,NA,NA,NA,NA,NA,"Kyle Shanahan","Shane Steichen",NA,"IND00","Lucas Oil Stadium"
"2025_17_DAL_WAS",2025,"REG",17,"2025-12-25","Thursday","13:00","DAL",NA,"WAS",NA,"Home",NA,NA,NA,"2025122500",NA,NA,"202512250was",28658,"401772710",6974,4,6,NA,NA,NA,NA,NA,NA,NA,NA,1,"outdoors","grass",NA,NA,NA,NA,NA,NA,"Brian Schottenheimer","Dan Quinn",NA,"WAS00","FedExField"
"2025_17_DET_MIN",2025,"REG",17,"2025-12-25","Thursday","16:30","DET",NA,"MIN",NA,"Home",NA,NA,NA,"2025122501",NA,NA,"202512250min",28659,"401772711",6975,4,4,NA,NA,NA,NA,NA,NA,NA,NA,1,"dome","sportturf",NA,NA,NA,NA,NA,NA,"Dan Campbell","Kevin O'Connell",NA,"MIN01","U.S. Bank Stadium"
"2025_17_DEN_KC",2025,"REG",17,"2025-12-25","Thursday","20:15","DEN",NA,"KC",NA,"Home",NA,NA,NA,"2025122502",NA,NA,"202512250kan",28660,"401772622",6976,4,4,NA,NA,NA,NA,NA,NA,NA,NA,1,"outdoors","grass",NA,NA,NA,NA,NA,NA,"Sean Payton","Andy Reid",NA,"KAN00","GEHA Field at Arrowhead Stadium"
"2025_17_SEA_CAR",2025,"REG",17,"2025-12-28","Sunday","13:00","SEA",NA,"CAR",NA,"Home",NA,NA,NA,"2025122800",NA,NA,"202512280car",28661,"401772952",6977,10,7,NA,NA,NA,NA,NA,NA,NA,NA,0,"outdoors","grass",NA,NA,NA,NA,NA,NA,"Mike Macdonald","Dave Canales",NA,"CAR00","Bank of America Stadium"
"2025_17_ARI_CIN",2025,"REG",17,"2025-12-28","Sunday","13:00","ARI",NA,"CIN",NA,"Home",NA,NA,NA,"2025122801",NA,NA,"202512280cin",28662,"401772954",6978,7,7,NA,NA,NA,NA,NA,NA,NA,NA,0,"outdoors","fieldturf",NA,NA,NA,NA,NA,NA,"Jonathan Gannon","Zac Taylor",NA,"CIN00","Paycor Stadium"
"2025_17_PIT_CLE",2025,"REG",17,"2025-12-28","Sunday","13:00","PIT",NA,"CLE",NA,"Home",NA,NA,NA,"2025122800",NA,NA,"202512280cle",28666,"401772807",6979,7,7,NA,NA,NA,NA,NA,NA,NA,NA,1,"outdoors","grass",NA,NA,NA,NA,NA,NA,"Mike Tomlin","Kevin Stefanski",NA,"CLE00","FirstEnergy Stadium"
"2025_17_BAL_GB",2025,"REG",17,"2025-12-28","Sunday","13:00","BAL",NA,"GB",NA,"Home",NA,NA,NA,"2025122802",NA,NA,"202512280gnb",28663,"401772953",6980,7,9,NA,NA,NA,NA,NA,NA,NA,NA,0,"outdoors","grass",NA,NA,NA,NA,NA,NA,"John Harbaugh","Matt LaFleur",NA,"GNB00","Lambeau Field"
"2025_17_JAX_IND",2025,"REG",17,"2025-12-28","Sunday","13:00","JAX",NA,"IND",NA,"Home",NA,NA,NA,"2025122801",NA,NA,"202512280clt",28667,"401772915",6981,7,6,NA,NA,NA,NA,NA,NA,NA,NA,1,"closed","fieldturf",NA,NA,NA,NA,NA,NA,"Liam Coen","Shane Steichen",NA,"IND00","Lucas Oil Stadium"
"2025_17_HOU_LAC",2025,"REG",17,"2025-12-28","Sunday","13:00","HOU",NA,"LAC",NA,"Home",NA,NA,NA,"2025122803",NA,NA,"202512280sdg",28664,"401772951",6982,7,7,NA,NA,NA,NA,NA,NA,NA,NA,0,"dome","matrixturf",NA,NA,NA,NA,NA,NA,"DeMeco Ryans","Jim Harbaugh",NA,"LAX01","SoFi Stadium"
"2025_17_NYG_LV",2025,"REG",17,"2025-12-28","Sunday","13:00","NYG",NA,"LV",NA,"Home",NA,NA,NA,"2025122804",NA,NA,"202512280rai",28665,"401772950",6983,7,7,NA,NA,NA,NA,NA,NA,NA,NA,0,"dome","grass",NA,NA,NA,NA,NA,NA,"Brian Daboll","Pete Carroll",NA,"VEG00","Allegiant Stadium"
"2025_17_TB_MIA",2025,"REG",17,"2025-12-28","Sunday","13:00","TB",NA,"MIA",NA,"Home",NA,NA,NA,"2025122802",NA,NA,"202512280mia",28668,"401772916",6984,7,7,NA,NA,NA,NA,NA,NA,NA,NA,0,"outdoors","grass",NA,NA,NA,NA,NA,NA,"Todd Bowles","Mike McDaniel",NA,"MIA00","Hard Rock Stadium"
"2025_17_NE_NYJ",2025,"REG",17,"2025-12-28","Sunday","13:00","NE",NA,"NYJ",NA,"Home",NA,NA,NA,"2025122803",NA,NA,"202512280nyj",28669,"401772808",6985,7,7,NA,NA,NA,NA,NA,NA,NA,NA,1,"outdoors","fieldturf",NA,NA,NA,NA,NA,NA,"Mike Vrabel","Aaron Glenn",NA,"NYC01","MetLife Stadium"
"2025_17_NO_TEN",2025,"REG",17,"2025-12-28","Sunday","13:00","NO",NA,"TEN",NA,"Home",NA,NA,NA,"2025122804",NA,NA,"202512280oti",28670,"401772809",6986,7,7,NA,NA,NA,NA,NA,NA,NA,NA,0,"outdoors","grass",NA,NA,NA,NA,NA,NA,"Kellen Moore","Brian Callahan",NA,"NAS00","Nissan Stadium"
"2025_17_PHI_BUF",2025,"REG",17,"2025-12-28","Sunday","16:25","PHI",NA,"BUF",NA,"Home",NA,NA,NA,"2025122805",NA,NA,"202512280buf",28671,"401772917",6987,9,7,NA,NA,NA,NA,NA,NA,NA,NA,0,"outdoors","a_turf",NA,NA,NA,NA,NA,NA,"Nick Sirianni","Sean McDermott",NA,"BUF00","New Era Field"
"2025_17_CHI_SF",2025,"REG",17,"2025-12-28","Sunday","20:20","CHI",NA,"SF",NA,"Home",NA,NA,NA,"2025122806",NA,NA,"202512280sfo",28672,"401772935",6988,9,6,NA,NA,NA,NA,NA,NA,NA,NA,0,"outdoors","grass",NA,NA,NA,NA,NA,NA,"Ben Johnson","Kyle Shanahan",NA,"SFO01","Levi's Stadium"
"2025_17_LA_ATL",2025,"REG",17,"2025-12-29","Monday","20:15","LA",NA,"ATL",NA,"Home",NA,NA,NA,"2025122900",NA,NA,"202512290atl",28673,"401772825",6989,11,8,NA,NA,NA,NA,NA,NA,NA,NA,0,"closed","fieldturf",NA,NA,NA,NA,NA,NA,"Sean McVay","Raheem Morris",NA,"ATL97","Mercedes-Benz Stadium"
"2025_18_NO_ATL",2025,"REG",18,"2026-01-04","Sunday","13:00","NO",NA,"ATL",NA,"Home",NA,NA,NA,"2025010400",NA,NA,"202501040atl",28689,"401772966",6990,6,6,NA,NA,NA,NA,NA,NA,NA,NA,1,"closed","fieldturf",NA,NA,NA,NA,NA,NA,"Kellen Moore","Raheem Morris",NA,"ATL97","Mercedes-Benz Stadium"
"2025_18_NYJ_BUF",2025,"REG",18,"2026-01-04","Sunday","13:00","NYJ",NA,"BUF",NA,"Home",NA,NA,NA,"2025010401",NA,NA,"202501040buf",28674,"401772967",6991,6,6,NA,NA,NA,NA,NA,NA,NA,NA,1,"outdoors","a_turf",NA,NA,NA,NA,NA,NA,"Aaron Glenn","Sean McDermott",NA,"BUF00","New Era Field"
"2025_18_DET_CHI",2025,"REG",18,"2026-01-04","Sunday","13:00","DET",NA,"CHI",NA,"Home",NA,NA,NA,"2025010402",NA,NA,"202501040chi",28675,"401772965",6992,5,9,NA,NA,NA,NA,NA,NA,NA,NA,1,"outdoors","grass",NA,NA,NA,NA,NA,NA,"Dan Campbell","Ben Johnson",NA,"CHI98","Soldier Field"
"2025_18_CLE_CIN",2025,"REG",18,"2026-01-04","Sunday","13:00","CLE",NA,"CIN",NA,"Home",NA,NA,NA,"2025010403",NA,NA,"202501040cin",28676,"401772964",6993,6,7,NA,NA,NA,NA,NA,NA,NA,NA,1,"outdoors","fieldturf",NA,NA,NA,NA,NA,NA,"Kevin Stefanski","Zac Taylor",NA,"CIN00","Paycor Stadium"
"2025_18_LAC_DEN",2025,"REG",18,"2026-01-04","Sunday","13:00","LAC",NA,"DEN",NA,"Home",NA,NA,NA,"2025010404",NA,NA,"202501040den",28677,"401772956",6994,7,7,NA,NA,NA,NA,NA,NA,NA,NA,1,"outdoors","grass",NA,NA,NA,NA,NA,NA,"Jim Harbaugh","Sean Payton",NA,"DEN00","Empower Field at Mile High"
"2025_18_IND_HOU",2025,"REG",18,"2026-01-04","Sunday","13:00","IND",NA,"HOU",NA,"Home",NA,NA,NA,"2025010405",NA,NA,"202501040htx",28678,"401772962",6995,6,10,NA,NA,NA,NA,NA,NA,NA,NA,1,"closed","astroturf",NA,NA,NA,NA,NA,NA,"Shane Steichen","DeMeco Ryans",NA,"HOU00","NRG Stadium"
"2025_18_TEN_JAX",2025,"REG",18,"2026-01-04","Sunday","13:00","TEN",NA,"JAX",NA,"Home",NA,NA,NA,"2025010406",NA,NA,"202501040jax",28679,"401772970",6996,6,6,NA,NA,NA,NA,NA,NA,NA,NA,1,"outdoors","grass",NA,NA,NA,NA,NA,NA,"Brian Callahan","Liam Coen",NA,"JAX00","TIAA Bank Stadium"
"2025_18_ARI_LA",2025,"REG",18,"2026-01-04","Sunday","13:00","ARI",NA,"LA",NA,"Home",NA,NA,NA,"2025010407",NA,NA,"202501040ram",28681,"401772955",6997,7,7,NA,NA,NA,NA,NA,NA,NA,NA,1,"dome","matrixturf",NA,NA,NA,NA,NA,NA,"Jonathan Gannon","Sean McVay",NA,"LAX01","SoFi Stadium"
"2025_18_KC_LV",2025,"REG",18,"2026-01-04","Sunday","13:00","KC",NA,"LV",NA,"Home",NA,NA,NA,"2025010408",NA,NA,"202501040rai",28680,"401772957",6998,10,6,NA,NA,NA,NA,NA,NA,NA,NA,1,"dome","grass",NA,NA,NA,NA,NA,NA,"Andy Reid","Pete Carroll",NA,"VEG00","Allegiant Stadium"
"2025_18_GB_MIN",2025,"REG",18,"2026-01-04","Sunday","13:00","GB",NA,"MIN",NA,"Home",NA,NA,NA,"2025010409",NA,NA,"202501040min",28682,"401772968",6999,6,6,NA,NA,NA,NA,NA,NA,NA,NA,1,"dome","sportturf",NA,NA,NA,NA,NA,NA,"Matt LaFleur","Kevin O'Connell",NA,"MIN01","U.S. Bank Stadium"
"2025_18_MIA_NE",2025,"REG",18,"2026-01-04","Sunday","13:00","MIA",NA,"NE",NA,"Home",NA,NA,NA,"2025010410",NA,NA,"202501040nwe",28683,"401772958",7000,6,7,NA,NA,NA,NA,NA,NA,NA,NA,1,"outdoors","fieldturf",NA,NA,NA,NA,NA,NA,"Mike McDaniel","Mike Vrabel",NA,"BOS00","Gillette Stadium"
"2025_18_DAL_NYG",2025,"REG",18,"2026-01-04","Sunday","13:00","DAL",NA,"NYG",NA,"Home",NA,NA,NA,"2025010411",NA,NA,"202501040nyg",28684,"401772963",7001,6,6,NA,NA,NA,NA,NA,NA,NA,NA,1,"outdoors","fieldturf",NA,NA,NA,NA,NA,NA,"Brian Schottenheimer","Brian Daboll",NA,"NYC01","MetLife Stadium"
"2025_18_WAS_PHI",2025,"REG",18,"2026-01-04","Sunday","13:00","WAS",NA,"PHI",NA,"Home",NA,NA,NA,"2025010412",NA,NA,"202501040phi",28685,"401772959",7002,6,6,NA,NA,NA,NA,NA,NA,NA,NA,1,"outdoors","grass",NA,NA,NA,NA,NA,NA,"Dan Quinn","Nick Sirianni",NA,"PHI00","Lincoln Financial Field"
"2025_18_BAL_PIT",2025,"REG",18,"2026-01-04","Sunday","13:00","BAL",NA,"PIT",NA,"Home",NA,NA,NA,"2025010413",NA,NA,"202501040pit",28686,"401772960",7003,10,10,NA,NA,NA,NA,NA,NA,NA,NA,1,"outdoors","grass",NA,NA,NA,NA,NA,NA,"John Harbaugh","Mike Tomlin",NA,"PIT00","Acrisure Stadium"
"2025_18_SEA_SF",2025,"REG",18,"2026-01-04","Sunday","13:00","SEA",NA,"SF",NA,"Home",NA,NA,NA,"2025010414",NA,NA,"202501040sfo",28687,"401772961",7004,9,5,NA,NA,NA,NA,NA,NA,NA,NA,1,"outdoors","grass",NA,NA,NA,NA,NA,NA,"Mike Macdonald","Kyle Shanahan",NA,"SFO01","Levi's Stadium"
"2025_18_CAR_TB",2025,"REG",18,"2026-01-04","Sunday","13:00","CAR",NA,"TB",NA,"Home",NA,NA,NA,"2025010415",NA,NA,"202501040tam",28688,"401772969",7005,6,6,NA,NA,NA,NA,NA,NA,NA,NA,1,"outdoors","grass",NA,NA,NA,NA,NA,NA,"Dave Canales","Todd Bowles",NA,"TAM00","Raymond James Stadium"
