passer_player_name,home_team,away_team,season,week,home_flag_passer,completion_percentage_ewma_passer,pass_attempts_ewma_passer,air_yards_ewma_passer,yards_after_catch_ewma_passer,epa_ewma_passer,interception_ewma_passer,qb_hit_ewma_passer,sack_ewma_passer,pass_touchdown_ewma_passer,passing_yards_ewma_passer,cpoe_ewma_passer,home_flag_defense,completion_percentage_ewma_defense,pass_attempts_ewma_defense,air_yards_ewma_defense,yards_after_catch_ewma_defense,epa_ewma_defense,interception_ewma_defense,qb_hit_ewma_defense,sack_ewma_defense,pass_touchdown_ewma_defense,passing_yards_ewma_defense,cpoe_ewma_defense,passer_player_name_A.Dalton,passer_player_name_A.Davis,passer_player_name_A.Feeley,passer_player_name_A.Luck,passer_player_name_A.McCarron,passer_player_name_A.O'Connell,passer_player_name_A.Richardson,passer_player_name_A.Rodgers,passer_player_name_A.Smith,passer_player_name_A.Tanney,passer_player_name_Aa.Rodgers,passer_player_name_Alex Smith,passer_player_name_B.Allen,passer_player_name_B.Bortles,passer_player_name_B.Brohm,passer_player_name_B.Croyle,passer_player_name_B.DiNucci,passer_player_name_B.Favre,passer_player_name_B.Gabbert,passer_player_name_B.Gradkowski,passer_player_name_B.Hoyer,passer_player_name_B.Hundley,passer_player_name_B.Leftwich,passer_player_name_B.Mayfield,passer_player_name_B.Nix,passer_player_name_B.Osweiler,passer_player_name_B.Perkins,passer_player_name_B.Petty,passer_player_name_B.Purdy,passer_player_name_B.Quinn,passer_player_name_B.Roethlisberger,passer_player_name_B.Rypien,passer_player_name_B.St. Pierre,passer_player_name_B.Weeden,passer_player_name_B.Young,passer_player_name_B.Zappe,passer_player_name_C.Batch,passer_player_name_C.Beathard,passer_player_name_C.Cook,passer_player_name_C.Daniel,passer_player_name_C.Hanie,passer_player_name_C.Henne,passer_player_name_C.Jones,passer_player_name_C.Kaepernick,passer_player_name_C.Keenum,passer_player_name_C.Kessler,passer_player_name_C.McCoy,passer_player_name_C.Newton,passer_player_name_C.Painter,passer_player_name_C.Palmer,passer_player_name_C.Ponder,passer_player_name_C.Redman,passer_player_name_C.Rush,passer_player_name_C.Shaw,passer_player_name_C.Streveler,passer_player_name_C.Stroud,passer_player_name_C.Tune,passer_player_name_C.Wentz,passer_player_name_C.Whitehurst,passer_player_name_C.Williams,passer_player_name_D.Anderson,passer_player_name_D.Blough,passer_player_name_D.Brees,passer_player_name_D.Carr,passer_player_name_D.Dixon,passer_player_name_D.Fales,passer_player_name_D.Garrard,passer_player_name_D.Haskins,passer_player_name_D.Hodges,passer_player_name_D.Jones,passer_player_name_D.Kizer,passer_player_name_D.Lock,passer_player_name_D.Maye,passer_player_name_D.McNabb,passer_player_name_D.Mills,passer_player_name_D.Orlovsky,passer_player_name_D.Prescott,passer_player_name_D.Ridder,passer_player_name_D.Stanton,passer_player_name_D.Thompson-Robinson,passer_player_name_D.Watson,passer_player_name_D.Webb,passer_player_name_Dom.Davis,passer_player_name_E.Manning,passer_player_name_E.Manuel,passer_player_name_E.Stick,passer_player_name_G.Gilbert,passer_player_name_G.McElroy,passer_player_name_G.Minshew,passer_player_name_G.Minshew II,passer_player_name_G.Smith,passer_player_name_I.Book,passer_player_name_J.Allen,passer_player_name_J.Beck,passer_player_name_J.Brissett,passer_player_name_J.Browning,passer_player_name_J.Burrow,passer_player_name_J.Callahan,passer_player_name_J.Campbell,passer_player_name_J.Clausen,passer_player_name_J.Cutler,passer_player_name_J.Daniels,passer_player_name_J.Delhomme,passer_player_name_J.Dobbs,passer_player_name_J.Driskel,passer_player_name_J.Fields,passer_player_name_J.Flacco,passer_player_name_J.Freeman,passer_player_name_J.Fromm,passer_player_name_J.Garoppolo,passer_player_name_J.Goff,passer_player_name_J.Haener,passer_player_name_J.Hall,passer_player_name_J.Herbert,passer_player_name_J.Hurts,passer_player_name_J.Johnson,passer_player_name_J.Kitna,passer_player_name_J.Locker,passer_player_name_J.Losman,passer_player_name_J.Love,passer_player_name_J.Luton,passer_player_name_J.Manziel,passer_player_name_J.McCown,passer_player_name_J.Milton,passer_player_name_J.Rosen,passer_player_name_J.Skelton,passer_player_name_J.Stidham,passer_player_name_J.Tuel,passer_player_name_J.Webb,passer_player_name_J.Winston,passer_player_name_J.Wolford,passer_player_name_Jo.Freeman,passer_player_name_Jos.Allen,passer_player_name_K.Allen,passer_player_name_K.Boller,passer_player_name_K.Clemens,passer_player_name_K.Collins,passer_player_name_K.Cousins,passer_player_name_K.Hinton,passer_player_name_K.Hogan,passer_player_name_K.Kolb,passer_player_name_K.Moore,passer_player_name_K.Murray,passer_player_name_K.Orton,passer_player_name_K.Pickett,passer_player_name_L.Falk,passer_player_name_L.Jackson,passer_player_name_L.Jones,passer_player_name_L.McCown,passer_player_name_L.Thomas,passer_player_name_M.Barkley,passer_player_name_M.Brunell,passer_player_name_M.Cassel,passer_player_name_M.Flynn,passer_player_name_M.Glennon,passer_player_name_M.Hall,passer_player_name_M.Hasselbeck,passer_player_name_M.Jones,passer_player_name_M.Kafka,passer_player_name_M.Leinart,passer_player_name_M.Mariota,passer_player_name_M.McGloin,passer_player_name_M.Moore,passer_player_name_M.Penix,passer_player_name_M.Rudolph,passer_player_name_M.Ryan,passer_player_name_M.Sanchez,passer_player_name_M.Schaub,passer_player_name_M.Simms,passer_player_name_M.Stafford,passer_player_name_M.Trubisky,passer_player_name_M.Vick,passer_player_name_M.White,passer_player_name_M.Willis,passer_player_name_Matt.Moore,passer_player_name_N.Foles,passer_player_name_N.Mullens,passer_player_name_N.Peterman,passer_player_name_N.Sudfeld,passer_player_name_P.Lynch,passer_player_name_P.Mahomes,passer_player_name_P.Manning,passer_player_name_P.Rivers,passer_player_name_P.Walker,passer_player_name_R.Bartel,passer_player_name_R.Finley,passer_player_name_R.Fitzpatrick,passer_player_name_R.Griffin,passer_player_name_R.Griffin III,passer_player_name_R.Grossman,passer_player_name_R.Lindley,passer_player_name_R.Mallett,passer_player_name_R.Smith,passer_player_name_R.Tannehill,passer_player_name_R.Wilson,passer_player_name_Ryan,passer_player_name_S.Bradford,passer_player_name_S.Darnold,passer_player_name_S.Ehlinger,passer_player_name_S.Hill,passer_player_name_S.Howell,passer_player_name_S.Mannion,passer_player_name_S.McGee,passer_player_name_S.Rattler,passer_player_name_S.Renfree,passer_player_name_S.Thompson,passer_player_name_S.Tolzien,passer_player_name_S.Wallace,passer_player_name_Sh.Hill,passer_player_name_Shaun.Hill,passer_player_name_T.Bagent,passer_player_name_T.Bouman,passer_player_name_T.Boykin,passer_player_name_T.Boyle,passer_player_name_T.Brady,passer_player_name_T.Bridgewater,passer_player_name_T.Collins,passer_player_name_T.DeVito,passer_player_name_T.Edwards,passer_player_name_T.Heinicke,passer_player_name_T.Hill,passer_player_name_T.Huntley,passer_player_name_T.Jackson,passer_player_name_T.Lance,passer_player_name_T.Lawrence,passer_player_name_T.Lewis,passer_player_name_T.McKee,passer_player_name_T.McSorley,passer_player_name_T.Palko,passer_player_name_T.Pike (3rd QB),passer_player_name_T.Pryor,passer_player_name_T.Romo,passer_player_name_T.Savage,passer_player_name_T.Siemian,passer_player_name_T.Smith,passer_player_name_T.Tagovailoa,passer_player_name_T.Taylor,passer_player_name_T.Tebow,passer_player_name_T.Thigpen,passer_player_name_T.Yates,passer_player_name_Ty.Taylor,passer_player_name_V.Young,passer_player_name_W.Grier,passer_player_name_W.Levis,passer_player_name_Z.Mettenberger,passer_player_name_Z.Wilson,posteam_ATL,posteam_BAL,posteam_BUF,posteam_CAR,posteam_CHI,posteam_CIN,posteam_CLE,posteam_DAL,posteam_DEN,posteam_DET,posteam_GB,posteam_HOU,posteam_IND,posteam_JAX,posteam_KC,posteam_LA,posteam_LAC,posteam_LV,posteam_MIA,posteam_MIN,posteam_NE,posteam_NO,posteam_NYG,posteam_NYJ,posteam_PHI,posteam_PIT,posteam_SEA,posteam_SF,posteam_TB,posteam_TEN,posteam_WAS,defteam_ATL,defteam_BAL,defteam_BUF,defteam_CAR,defteam_CHI,defteam_CIN,defteam_CLE,defteam_DAL,defteam_DEN,defteam_DET,defteam_GB,defteam_HOU,defteam_IND,defteam_JAX,defteam_KC,defteam_LA,defteam_LAC,defteam_LV,defteam_MIA,defteam_MIN,defteam_NE,defteam_NO,defteam_NYG,defteam_NYJ,defteam_PHI,defteam_PIT,defteam_SEA,defteam_SF,defteam_TB,defteam_TEN,defteam_WAS,roof_dome,roof_open,roof_outdoors,surface_a_turf,surface_astroplay,surface_astroturf,surface_fieldturf,surface_grass,surface_grass ,surface_matrixturf,surface_sportturf,predicted_passing_yards
J.Hurts,PHI,DAL,2025,1,True,0.6857641187481416,26.82455243527301,232.06477724438125,94.00891430005275,5.788728833941414,0.3823961921508485,3.172325352723326,2.216785818404711,1.0793379047669605,203.53988115142357,5.150942950366204,True,0.6688265453334266,29.089130472190085,237.90829109023963,110.2557385792263,-0.9764039921579003,0.8245414454581528,5.001504723519336,3.072254366849366,1.5015223441281607,213.55823386984397,-0.4201904556970742,0,0,0,0,0,0,0,0,0,0,0,0,0,0,0,0,0,0,0,0,0,0,0,0,0,0,0,0,0,0,0,0,0,0,0,0,0,0,0,0,0,0,0,0,0,0,0,0,0,0,0,0,0,0,0,0,0,0,0,0,0,0,0,0,0,0,0,0,0,0,0,0,0,0,0,0,0,0,0,0,0,0,0,0,0,0,0,0,0,0,0,0,0,0,0,0,0,0,0,0,0,0,0,0,0,0,0,0,0,0,0,0,0,0,1,0,0,0,0,0,0,0,0,0,0,0,0,0,0,0,0,0,0,0,0,0,0,0,0,0,0,0,0,0,0,0,0,0,0,0,0,0,0,0,0,0,0,0,0,0,0,0,0,0,0,0,0,0,0,0,0,0,0,0,0,0,0,0,0,0,0,0,0,0,0,0,0,0,0,0,0,0,0,0,0,0,0,0,0,0,0,0,0,0,0,0,0,0,0,0,0,0,0,0,0,0,0,0,0,0,0,0,0,0,0,0,0,0,0,0,0,0,0,0,0,0,0,0,0,0,0,0,0,0,0,0,0,0,0,0,0,0,0,0,0,0,0,0,0,0,0,0,0,0,0,0,0,0,0,0,1,0,0,0,0,0,0,0,0,0,0,0,0,0,0,0,0,0,0,0,0,1,0,0,0,0,0,0,0,0,0,0,0,0,0,0,0,0,0,0,0,0,0,0,0,0,0,0,0,184.28248424723435
D.Prescott,PHI,DAL,2025,1,False,0.6814644464760099,32.34273817976282,288.4668869976093,107.95578955364908,3.011576681521831,0.5326809302971138,5.448798140649985,2.5438290585977907,2.089303550477884,244.60336736829294,3.040485680559349,True,0.6653688861343078,34.07282154423771,277.9857577206433,107.96990058224064,-1.164987577383563,0.8091965275051441,6.6455579653042145,2.982115838222779,1.8443402805540725,250.5743637717882,0.12273964266812905,0,0,0,0,0,0,0,0,0,0,0,0,0,0,0,0,0,0,0,0,0,0,0,0,0,0,0,0,0,0,0,0,0,0,0,0,0,0,0,0,0,0,0,0,0,0,0,0,0,0,0,0,0,0,0,0,0,0,0,0,0,0,0,0,0,0,0,0,0,0,0,0,0,0,0,0,1,0,0,0,0,0,0,0,0,0,0,0,0,0,0,0,0,0,0,0,0,0,0,0,0,0,0,0,0,0,0,0,0,0,0,0,0,0,0,0,0,0,0,0,0,0,0,0,0,0,0,0,0,0,0,0,0,0,0,0,0,0,0,0,0,0,0,0,0,0,0,0,0,0,0,0,0,0,0,0,0,0,0,0,0,0,0,0,0,0,0,0,0,0,0,0,0,0,0,0,0,0,0,0,0,0,0,0,0,0,0,0,0,0,0,0,0,0,0,0,0,0,0,0,0,0,0,0,0,0,0,0,0,0,0,0,0,0,0,0,0,0,0,0,0,0,0,0,0,0,0,0,0,0,0,0,0,0,0,0,0,0,0,0,0,0,0,0,0,0,0,0,0,0,0,0,0,1,0,0,0,0,0,0,0,0,0,0,0,0,0,0,0,0,0,0,0,0,0,0,0,0,0,0,0,0,0,0,0,0,0,0,0,0,0,0,0,0,0,0,0,0,0,0,0,0,0,0,0,0,0,0,0,0,0,0,0,0,0,0,0,0,0,245.42486038961042
J.Herbert,LAC,KC,2025,1,True,0.6491123262866715,36.514972081736964,311.3116719798996,132.41930801405599,5.121290736135853,0.9607072532516885,5.822813563134188,2.142038213826316,1.7181848839465053,280.2938412808555,-3.1086144553443114,False,0.6721664425493314,33.77995839891852,286.47687810545716,122.52267349375651,5.533789394339414,0.5984028127506388,5.9050640337791895,2.2388859914374173,1.6330054944725694,253.49099470067566,2.9404921209695987,0,0,0,0,0,0,0,0,0,0,0,0,0,0,0,0,0,0,0,0,0,0,0,0,0,0,0,0,0,0,0,0,0,0,0,0,0,0,0,0,0,0,0,0,0,0,0,0,0,0,0,0,0,0,0,0,0,0,0,0,0,0,0,0,0,0,0,0,0,0,0,0,0,0,0,0,0,0,0,0,0,0,0,0,0,0,0,0,0,0,0,0,0,0,0,0,0,0,0,0,0,0,0,0,0,0,0,0,0,0,0,0,0,1,0,0,0,0,0,0,0,0,0,0,0,0,0,0,0,0,0,0,0,0,0,0,0,0,0,0,0,0,0,0,0,0,0,0,0,0,0,0,0,0,0,0,0,0,0,0,0,0,0,0,0,0,0,0,0,0,0,0,0,0,0,0,0,0,0,0,0,0,0,0,0,0,0,0,0,0,0,0,0,0,0,0,0,0,0,0,0,0,0,0,0,0,0,0,0,0,0,0,0,0,0,0,0,0,0,0,0,0,0,0,0,0,0,0,0,0,0,0,0,0,0,0,0,0,0,0,0,0,0,0,0,0,0,0,0,0,0,0,0,0,0,0,0,0,0,0,0,0,1,0,0,0,0,0,0,0,0,0,0,0,0,0,0,0,0,0,0,0,0,0,0,0,0,0,1,0,0,0,0,0,0,0,0,0,0,0,0,0,0,0,0,0,0,0,0,0,0,0,0,0,0,0,0,0,0,290.2002605820106
P.Mahomes,LAC,KC,2025,1,False,0.7111385054059833,34.8951311402632,243.83035659208036,127.74987179769013,3.18813238192167,0.7939461525213185,6.780922945839721,2.8377671625961334,2.1153592611143144,264.1449546089152,4.604225717369963,False,0.6590079648133839,34.885720267757776,276.74709481557693,117.05728792084653,-1.5569675137334842,1.2230049607884468,4.389312667892023,1.783507615022272,1.7531605819910614,255.07544868422417,-1.5037200470381904,0,0,0,0,0,0,0,0,0,0,0,0,0,0,0,0,0,0,0,0,0,0,0,0,0,0,0,0,0,0,0,0,0,0,0,0,0,0,0,0,0,0,0,0,0,0,0,0,0,0,0,0,0,0,0,0,0,0,0,0,0,0,0,0,0,0,0,0,0,0,0,0,0,0,0,0,0,0,0,0,0,0,0,0,0,0,0,0,0,0,0,0,0,0,0,0,0,0,0,0,0,0,0,0,0,0,0,0,0,0,0,0,0,0,0,0,0,0,0,0,0,0,0,0,0,0,0,0,0,0,0,0,0,0,0,0,0,0,0,0,0,0,0,0,0,0,0,0,0,0,0,0,0,0,0,0,0,0,0,0,0,0,0,0,0,0,0,0,0,0,0,0,0,0,0,0,0,0,0,0,1,0,0,0,0,0,0,0,0,0,0,0,0,0,0,0,0,0,0,0,0,0,0,0,0,0,0,0,0,0,0,0,0,0,0,0,0,0,0,0,0,0,0,0,0,0,0,0,0,0,0,0,0,0,0,0,0,0,0,0,0,0,0,0,0,0,0,0,0,0,0,0,0,0,0,0,0,0,0,0,1,0,0,0,0,0,0,0,0,0,0,0,0,0,0,0,0,0,0,0,0,0,0,0,0,0,0,0,0,0,0,0,0,0,0,0,0,0,0,0,0,1,0,0,0,0,0,0,0,0,0,0,0,0,0,0,0,0,0,272.19213852813857
M.Penix,ATL,TB,2025,1,True,0.6344917144500232,24.361600752926414,263.5180290582538,61.33285621850552,3.137540254113076,0.7141232524852454,2.603929334718927,0.9140605086174781,0.8090233524832847,186.33793455030295,0.7128593619810661,True,0.663327406387849,34.89057955501052,278.92862833155635,116.69024674714785,2.0358532956735913,0.5665120438613016,5.245851510434831,1.807105526759344,1.7702722173728465,247.29305468086815,3.703067966983466,0,0,0,0,0,0,0,0,0,0,0,0,0,0,0,0,0,0,0,0,0,0,0,0,0,0,0,0,0,0,0,0,0,0,0,0,0,0,0,0,0,0,0,0,0,0,0,0,0,0,0,0,0,0,0,0,0,0,0,0,0,0,0,0,0,0,0,0,0,0,0,0,0,0,0,0,0,0,0,0,0,0,0,0,0,0,0,0,0,0,0,0,0,0,0,0,0,0,0,0,0,0,0,0,0,0,0,0,0,0,0,0,0,0,0,0,0,0,0,0,0,0,0,0,0,0,0,0,0,0,0,0,0,0,0,0,0,0,0,0,0,0,0,0,0,0,0,0,0,0,0,0,0,0,0,0,0,0,0,0,0,0,0,1,0,0,0,0,0,0,0,0,0,0,0,0,0,0,0,0,0,0,0,0,0,0,0,0,0,0,0,0,0,0,0,0,0,0,0,0,0,0,0,0,0,0,0,0,0,0,0,0,0,0,0,0,0,0,0,0,0,0,0,0,0,0,0,0,0,0,0,0,0,0,0,0,0,0,0,0,0,0,0,0,0,0,1,0,0,0,0,0,0,0,0,0,0,0,0,0,0,0,0,0,0,0,0,0,0,0,0,0,0,0,0,0,0,0,0,0,1,0,0,0,0,0,0,0,0,0,0,0,0,0,0,0,0,0,0,0,0,0,0,0,0,0,0,0,0,0,0,0,0,0,0,0,0,0,0,199.07397390572393
B.Mayfield,ATL,TB,2025,1,False,0.6704730090969002,29.78769103901684,241.64595491230122,108.41030489272012,4.848010275111411,0.5488927248039387,3.552733727471096,2.3735819642476264,1.8695518869671235,230.96316456647418,2.355468816768725,True,0.6726873738761051,32.832024052916275,273.3184147424308,101.32636311363449,7.752380203229095,0.3200913240314153,3.2550309302657148,1.5405568734514448,2.5058833182456994,234.49418345692462,4.175478796824675,0,0,0,0,0,0,0,0,0,0,0,0,0,0,0,0,0,0,0,0,0,0,0,1,0,0,0,0,0,0,0,0,0,0,0,0,0,0,0,0,0,0,0,0,0,0,0,0,0,0,0,0,0,0,0,0,0,0,0,0,0,0,0,0,0,0,0,0,0,0,0,0,0,0,0,0,0,0,0,0,0,0,0,0,0,0,0,0,0,0,0,0,0,0,0,0,0,0,0,0,0,0,0,0,0,0,0,0,0,0,0,0,0,0,0,0,0,0,0,0,0,0,0,0,0,0,0,0,0,0,0,0,0,0,0,0,0,0,0,0,0,0,0,0,0,0,0,0,0,0,0,0,0,0,0,0,0,0,0,0,0,0,0,0,0,0,0,0,0,0,0,0,0,0,0,0,0,0,0,0,0,0,0,0,0,0,0,0,0,0,0,0,0,0,0,0,0,0,0,0,0,0,0,0,0,0,0,0,0,0,0,0,0,0,0,0,0,0,0,0,0,0,0,0,0,0,0,0,0,0,0,0,0,0,0,0,0,0,0,0,0,0,0,0,0,0,0,0,0,0,0,0,0,0,0,0,0,0,0,0,0,0,0,0,0,0,0,0,0,0,0,0,0,0,1,0,0,0,0,0,0,0,0,0,0,0,0,0,0,0,0,0,0,0,0,0,0,0,0,0,0,0,0,0,0,0,0,1,0,0,0,0,0,0,0,0,0,0,0,225.77675252525256
J.Flacco,CLE,CIN,2025,1,True,0.623013105618888,35.93708803302651,336.47849905018523,101.46305407602908,-0.6577551333395548,0.9006726914090396,4.74435150896915,2.3744762322875053,1.9298423342192532,256.3952131618453,-0.8672130304476443,False,0.6153245084025722,30.704355055450677,240.25904699202405,105.30527927741716,-4.956106320551742,0.9358170083781407,5.883742735239187,2.5749908558810044,1.2291852606595615,211.36314847846756,-4.050986224511905,0,0,0,0,0,0,0,0,0,0,0,0,0,0,0,0,0,0,0,0,0,0,0,0,0,0,0,0,0,0,0,0,0,0,0,0,0,0,0,0,0,0,0,0,0,0,0,0,0,0,0,0,0,0,0,0,0,0,0,0,0,0,0,0,0,0,0,0,0,0,0,0,0,0,0,0,0,0,0,0,0,0,0,0,0,0,0,0,0,0,0,0,0,0,0,0,0,0,0,0,0,0,0,0,0,0,1,0,0,0,0,0,0,0,0,0,0,0,0,0,0,0,0,0,0,0,0,0,0,0,0,0,0,0,0,0,0,0,0,0,0,0,0,0,0,0,0,0,0,0,0,0,0,0,0,0,0,0,0,0,0,0,0,0,0,0,0,0,0,0,0,0,0,0,0,0,0,0,0,0,0,0,0,0,0,0,0,0,0,0,0,0,0,0,0,0,0,0,0,0,0,0,0,0,0,0,0,0,0,0,0,0,0,0,0,0,0,0,0,0,0,0,0,0,0,0,0,0,0,0,0,0,0,0,0,0,0,0,0,0,0,0,0,0,0,0,0,0,0,0,0,0,1,0,0,0,0,0,0,0,0,0,0,0,0,0,0,0,0,0,0,0,0,0,0,0,0,0,0,0,0,0,0,0,0,0,0,0,1,0,0,0,0,0,0,0,0,0,0,0,0,0,0,0,0,0,0,0,0,0,0,0,0,0,0,0,0,0,0,217.57206084656076
J.Burrow,CLE,CIN,2025,1,False,0.7460600593456554,40.908774766294556,278.47188724271365,141.9164302192638,6.146552842751982,0.5356788202078738,6.738727370810911,3.4584360469504203,2.3574365320241633,314.9097396635939,7.970856276693687,False,0.6284100097809068,33.363957410180056,257.58736418836673,102.7908253115462,0.9400613973046021,0.8309290535033238,4.6109179382295675,1.8260877239288076,1.7806032843321458,223.91258822800705,-3.0726586097419317,0,0,0,0,0,0,0,0,0,0,0,0,0,0,0,0,0,0,0,0,0,0,0,0,0,0,0,0,0,0,0,0,0,0,0,0,0,0,0,0,0,0,0,0,0,0,0,0,0,0,0,0,0,0,0,0,0,0,0,0,0,0,0,0,0,0,0,0,0,0,0,0,0,0,0,0,0,0,0,0,0,0,0,0,0,0,0,0,0,0,0,0,0,0,0,0,1,0,0,0,0,0,0,0,0,0,0,0,0,0,0,0,0,0,0,0,0,0,0,0,0,0,0,0,0,0,0,0,0,0,0,0,0,0,0,0,0,0,0,0,0,0,0,0,0,0,0,0,0,0,0,0,0,0,0,0,0,0,0,0,0,0,0,0,0,0,0,0,0,0,0,0,0,0,0,0,0,0,0,0,0,0,0,0,0,0,0,0,0,0,0,0,0,0,0,0,0,0,0,0,0,0,0,0,0,0,0,0,0,0,0,0,0,0,0,0,0,0,0,0,0,0,0,0,0,0,0,0,0,0,0,0,0,0,0,0,0,0,0,0,0,0,0,0,0,0,0,0,0,0,0,1,0,0,0,0,0,0,0,0,0,0,0,0,0,0,0,0,0,0,0,0,0,0,0,0,0,0,0,0,0,0,0,0,0,0,0,0,0,0,0,0,0,0,0,0,0,0,0,0,0,0,1,0,0,0,0,0,0,0,0,0,0,0,0,0,0,0,0,278.603441798942
A.Richardson,IND,MIA,2025,1,True,0.5522375083251737,22.782938971155353,274.95310853048153,73.24194530149337,-3.4282823493194314,0.9704795578510944,4.169019332368849,1.256962619224785,0.7266735568877974,155.63349561049685,-8.079425044977349,False,0.6843430828755731,31.468864606677275,258.0308639042201,117.08102726510936,1.8663225408938817,0.9384003171893597,5.026730700763235,1.81524381883239,2.148862121719778,250.88452771405974,2.051113582159677,0,0,0,0,0,0,0,0,0,0,0,0,0,0,0,0,0,0,0,0,0,0,0,0,0,0,0,0,0,0,0,0,0,0,0,0,0,0,0,0,0,0,0,0,0,0,0,0,0,0,0,0,0,0,0,0,0,0,0,0,0,0,0,0,0,0,0,0,0,0,0,0,0,0,0,0,0,0,0,0,0,0,0,0,0,0,0,0,0,0,0,0,0,0,0,0,0,0,0,0,0,0,0,0,0,0,0,0,0,0,0,0,0,0,0,0,0,0,0,0,0,0,0,0,0,0,0,0,0,0,0,0,0,0,0,0,0,0,0,0,0,0,0,0,0,0,0,0,0,0,0,0,0,0,0,0,0,0,0,0,0,0,0,0,0,0,0,0,0,0,0,0,0,0,0,0,0,0,0,0,0,0,0,0,0,0,0,0,0,0,0,0,0,0,0,0,0,0,0,0,0,0,0,0,0,0,0,0,0,0,0,0,0,0,0,0,0,0,0,0,0,0,0,0,0,0,0,0,0,0,0,0,0,0,0,0,0,0,0,0,0,0,0,0,0,0,0,0,0,0,0,0,0,0,0,0,0,0,1,0,0,0,0,0,0,0,0,0,0,0,0,0,0,0,0,0,0,0,0,0,0,0,0,0,0,0,0,0,0,0,0,0,0,0,0,0,0,0,0,0,0,0,0,0,0,0,1,0,0,0,0,0,0,0,0,0,0,0,0,156.23151731601726
T.Tagovailoa,IND,MIA,2025,1,False,0.703145556801647,30.369894522077487,228.80248275049004,113.8383665212341,2.516674773112275,0.8062084578102702,3.5272614569564285,1.7067392671144126,1.1235715031663853,231.87089296825047,1.9141285915261144,True,0.6682185910678643,33.42295648291518,283.6046795564905,112.21397613268144,4.977547768582947,0.5964648343969984,4.603344843514551,1.8111359384854098,1.7933422069967528,257.0075859663378,1.184589113923938,0,0,0,0,0,0,0,0,0,0,0,0,0,0,0,0,0,0,0,0,0,0,0,0,0,0,0,0,0,0,0,0,0,0,0,0,0,0,0,0,0,0,0,0,0,0,0,0,0,0,0,0,0,0,0,0,0,0,0,0,0,0,0,0,0,0,0,0,0,0,0,0,0,0,0,0,0,0,0,0,0,0,0,0,0,0,0,0,0,0,0,0,0,0,0,0,0,0,0,0,0,0,0,0,0,0,0,0,0,0,0,0,0,0,0,0,0,0,0,0,0,0,0,0,0,0,0,0,0,0,0,0,0,0,0,0,0,0,0,0,0,0,0,0,0,0,0,0,0,0,0,0,0,0,0,0,0,0,0,0,0,0,0,0,0,0,0,0,0,0,0,0,0,0,0,0,0,0,0,0,0,0,0,0,0,0,0,0,0,0,0,0,0,0,0,0,0,0,0,0,0,0,0,0,0,0,0,0,0,0,0,0,0,0,0,0,0,0,0,0,0,0,0,0,0,0,0,0,0,0,0,0,0,0,0,1,0,0,0,0,0,0,0,0,0,0,0,0,0,0,0,0,0,0,0,0,0,0,0,0,0,0,0,0,1,0,0,0,0,0,0,0,0,0,0,0,0,0,0,0,0,0,0,0,0,0,0,0,0,0,0,0,0,0,0,0,0,0,0,0,0,0,0,0,1,0,0,0,0,0,0,0,0,0,0,0,0,0,0,241.88061507936493
T.Lawrence,JAX,CAR,2025,1,True,0.6133742215860243,27.838501509757947,256.57192752993996,91.7021886510923,2.138060249216072,0.45149187616237624,3.3192849817792163,1.6797687965847297,0.9673842817411741,197.37609796611468,-3.6863072957428096,False,0.6562007952592135,32.623045527903145,294.48870169493773,105.00573747112617,2.984858699400451,0.4784399718153497,4.64290900232857,1.9204788426100452,1.6801085610650195,249.60654480144458,1.180825620221906,0,0,0,0,0,0,0,0,0,0,0,0,0,0,0,0,0,0,0,0,0,0,0,0,0,0,0,0,0,0,0,0,0,0,0,0,0,0,0,0,0,0,0,0,0,0,0,0,0,0,0,0,0,0,0,0,0,0,0,0,0,0,0,0,0,0,0,0,0,0,0,0,0,0,0,0,0,0,0,0,0,0,0,0,0,0,0,0,0,0,0,0,0,0,0,0,0,0,0,0,0,0,0,0,0,0,0,0,0,0,0,0,0,0,0,0,0,0,0,0,0,0,0,0,0,0,0,0,0,0,0,0,0,0,0,0,0,0,0,0,0,0,0,0,0,0,0,0,0,0,0,0,0,0,0,0,0,0,0,0,0,0,0,0,0,0,0,0,0,0,0,0,0,0,0,0,0,0,0,0,0,0,0,0,0,0,0,0,0,0,0,0,0,0,0,0,0,0,0,0,0,0,0,0,0,0,0,0,0,0,0,0,0,0,0,0,0,0,0,0,0,0,0,0,1,0,0,0,0,0,0,0,0,0,0,0,0,0,0,0,0,0,0,0,0,0,0,0,0,0,0,0,0,0,0,0,0,0,0,1,0,0,0,0,0,0,0,0,0,0,0,0,0,0,0,0,0,0,0,0,0,0,0,0,0,0,0,0,1,0,0,0,0,0,0,0,0,0,0,0,0,0,0,0,0,0,0,0,0,0,0,0,0,0,0,0,0,0,0,217.0316917989419
B.Young,JAX,CAR,2025,1,False,0.632668301951343,29.023226216744945,264.66761310040516,72.37563678217086,-1.9234643743361106,0.31197539082616893,5.244533803432884,3.033336972312018,1.2702087405232227,186.76555748372772,1.6982218064670898,False,0.6202406304785947,32.2640346967672,257.9474530679554,100.14861847474559,-4.520451307064387,0.7380632685610216,6.920061935892552,3.120870571226022,1.0153921702430746,199.05832458246897,-3.204837718269478,0,0,0,0,0,0,0,0,0,0,0,0,0,0,0,0,0,0,0,0,0,0,0,0,0,0,0,0,0,0,0,0,0,0,1,0,0,0,0,0,0,0,0,0,0,0,0,0,0,0,0,0,0,0,0,0,0,0,0,0,0,0,0,0,0,0,0,0,0,0,0,0,0,0,0,0,0,0,0,0,0,0,0,0,0,0,0,0,0,0,0,0,0,0,0,0,0,0,0,0,0,0,0,0,0,0,0,0,0,0,0,0,0,0,0,0,0,0,0,0,0,0,0,0,0,0,0,0,0,0,0,0,0,0,0,0,0,0,0,0,0,0,0,0,0,0,0,0,0,0,0,0,0,0,0,0,0,0,0,0,0,0,0,0,0,0,0,0,0,0,0,0,0,0,0,0,0,0,0,0,0,0,0,0,0,0,0,0,0,0,0,0,0,0,0,0,0,0,0,0,0,0,0,0,0,0,0,0,0,0,0,0,0,0,0,0,0,0,0,0,0,0,0,0,0,0,0,0,0,0,0,0,0,0,0,0,0,0,0,0,0,0,0,0,0,0,0,0,0,1,0,0,0,0,0,0,0,0,0,0,0,0,0,0,0,0,0,0,0,0,0,0,0,0,0,0,0,0,0,0,0,0,0,0,0,0,0,0,0,0,0,0,0,0,0,0,0,0,0,0,0,0,0,0,0,0,0,0,0,0,0,0,0,0,0,0,0,0,0,162.46402308802305
D.Maye,NE,LV,2025,1,True,0.5423252770590303,22.705341012295893,171.69117281975917,78.33763856406073,-2.3358416770348485,0.6278533860238784,3.7913224539590047,2.5451884355610055,1.013644490817215,158.94806186578498,-13.346080980871504,True,0.6513066755882921,34.07248793543044,294.754155650501,125.13901354822248,5.981237629628024,0.5064594571886825,4.987579629205734,2.0624001465036486,1.568155996610155,268.70959478243327,-1.1794948829641718,0,0,0,0,0,0,0,0,0,0,0,0,0,0,0,0,0,0,0,0,0,0,0,0,0,0,0,0,0,0,0,0,0,0,0,0,0,0,0,0,0,0,0,0,0,0,0,0,0,0,0,0,0,0,0,0,0,0,0,0,0,0,0,0,0,0,0,0,0,0,0,0,1,0,0,0,0,0,0,0,0,0,0,0,0,0,0,0,0,0,0,0,0,0,0,0,0,0,0,0,0,0,0,0,0,0,0,0,0,0,0,0,0,0,0,0,0,0,0,0,0,0,0,0,0,0,0,0,0,0,0,0,0,0,0,0,0,0,0,0,0,0,0,0,0,0,0,0,0,0,0,0,0,0,0,0,0,0,0,0,0,0,0,0,0,0,0,0,0,0,0,0,0,0,0,0,0,0,0,0,0,0,0,0,0,0,0,0,0,0,0,0,0,0,0,0,0,0,0,0,0,0,0,0,0,0,0,0,0,0,0,0,0,0,0,0,0,0,0,0,0,0,0,0,0,0,0,0,0,0,0,0,0,0,0,0,0,0,0,0,0,0,0,0,0,0,0,0,0,0,0,0,0,0,0,0,0,0,0,0,0,0,0,0,0,0,1,0,0,0,0,0,0,0,0,0,0,0,0,1,0,0,0,0,0,0,0,0,0,0,0,0,0,0,0,0,0,0,0,0,0,0,0,0,0,0,0,0,0,0,0,0,0,0,0,0,0,0,0,130.86430423280424
S.Rattler,NO,ARI,2025,1,True,0.5735005315935768,32.57118257760605,275.4070418782332,97.42005421307462,-10.101453434772075,0.7001700602317625,5.192125216995795,2.772723606490172,0.6423687596239497,192.91074578545644,-9.481478699484782,True,0.6533411036937817,30.12987066408357,234.13568768045593,97.30377701515071,2.7616385098571627,0.6912965317201687,3.873130896713977,1.5728650820914296,2.006760227772934,225.9123347239925,-1.8608498334319252,0,0,0,0,0,0,0,0,0,0,0,0,0,0,0,0,0,0,0,0,0,0,0,0,0,0,0,0,0,0,0,0,0,0,0,0,0,0,0,0,0,0,0,0,0,0,0,0,0,0,0,0,0,0,0,0,0,0,0,0,0,0,0,0,0,0,0,0,0,0,0,0,0,0,0,0,0,0,0,0,0,0,0,0,0,0,0,0,0,0,0,0,0,0,0,0,0,0,0,0,0,0,0,0,0,0,0,0,0,0,0,0,0,0,0,0,0,0,0,0,0,0,0,0,0,0,0,0,0,0,0,0,0,0,0,0,0,0,0,0,0,0,0,0,0,0,0,0,0,0,0,0,0,0,0,0,0,0,0,0,0,0,0,0,0,0,0,0,0,0,0,0,0,0,0,0,0,0,0,0,0,0,0,0,0,0,0,0,0,0,0,0,0,0,0,0,0,0,0,0,0,0,0,1,0,0,0,0,0,0,0,0,0,0,0,0,0,0,0,0,0,0,0,0,0,0,0,0,0,0,0,0,0,0,0,0,0,0,0,0,0,0,0,0,0,0,0,0,0,0,0,0,0,0,0,0,0,0,0,0,0,0,0,0,0,0,0,1,0,0,0,0,0,0,0,0,0,0,0,0,0,0,0,0,0,0,0,0,0,0,0,0,0,0,0,0,0,0,0,0,0,0,0,0,0,1,0,0,0,0,0,0,0,0,0,0,0,0,0,179.85855483405481
K.Murray,NO,ARI,2025,1,False,0.7150849053235376,34.384215849486786,234.2601108207204,132.20280661004793,4.607003592742947,0.5012114358051765,3.314999344586793,1.8216417957500866,1.7786033551789417,244.47726542834135,4.0248227871373174,False,0.6334725231644437,30.285087298721603,270.70178254730774,94.84438482656392,-0.6675052667582362,1.1025782957109131,3.680069006897435,1.8958168061669447,1.5138964388193459,231.31260896328433,-1.9681524732765887,0,0,0,0,0,0,0,0,0,0,0,0,0,0,0,0,0,0,0,0,0,0,0,0,0,0,0,0,0,0,0,0,0,0,0,0,0,0,0,0,0,0,0,0,0,0,0,0,0,0,0,0,0,0,0,0,0,0,0,0,0,0,0,0,0,0,0,0,0,0,0,0,0,0,0,0,0,0,0,0,0,0,0,0,0,0,0,0,0,0,0,0,0,0,0,0,0,0,0,0,0,0,0,0,0,0,0,0,0,0,0,0,0,0,0,0,0,0,0,0,0,0,0,0,0,0,0,0,0,0,0,0,0,0,0,0,0,0,0,0,0,0,1,0,0,0,0,0,0,0,0,0,0,0,0,0,0,0,0,0,0,0,0,0,0,0,0,0,0,0,0,0,0,0,0,0,0,0,0,0,0,0,0,0,0,0,0,0,0,0,0,0,0,0,0,0,0,0,0,0,0,0,0,0,0,0,0,0,0,0,0,0,0,0,0,0,0,0,0,0,0,0,0,0,0,0,0,0,0,0,0,0,0,0,0,0,0,0,0,0,0,0,0,0,0,0,0,0,0,0,0,0,0,0,0,0,0,0,0,0,0,0,0,0,0,0,0,0,0,0,0,0,0,0,0,0,0,0,0,0,0,0,0,0,0,0,0,0,0,0,0,0,0,0,0,0,0,0,0,0,0,0,0,0,1,0,0,0,0,0,0,0,0,0,0,0,0,0,0,229.50214213564206
J.Daniels,WAS,NYG,2025,1,True,0.6730336355846054,32.75168612323296,231.5015955210625,118.45621975661277,2.46511472612452,0.5707535016146551,3.6884454882782336,2.557393475910035,1.7851902914534616,229.03670927445356,0.8788910447298859,False,0.6162846017217225,35.055008488526,292.5383494700598,105.47052947415227,-2.858721558683529,0.8498362645461769,5.32789889678164,3.16191734819614,1.2305384328849718,240.51065491659585,-2.5461073963234453,0,0,0,0,0,0,0,0,0,0,0,0,0,0,0,0,0,0,0,0,0,0,0,0,0,0,0,0,0,0,0,0,0,0,0,0,0,0,0,0,0,0,0,0,0,0,0,0,0,0,0,0,0,0,0,0,0,0,0,0,0,0,0,0,0,0,0,0,0,0,0,0,0,0,0,0,0,0,0,0,0,0,0,0,0,0,0,0,0,0,0,0,0,0,0,0,0,0,0,0,0,1,0,0,0,0,0,0,0,0,0,0,0,0,0,0,0,0,0,0,0,0,0,0,0,0,0,0,0,0,0,0,0,0,0,0,0,0,0,0,0,0,0,0,0,0,0,0,0,0,0,0,0,0,0,0,0,0,0,0,0,0,0,0,0,0,0,0,0,0,0,0,0,0,0,0,0,0,0,0,0,0,0,0,0,0,0,0,0,0,0,0,0,0,0,0,0,0,0,0,0,0,0,0,0,0,0,0,0,0,0,0,0,0,0,0,0,0,0,0,0,0,0,0,0,0,0,0,0,0,0,0,0,0,0,0,0,0,0,0,0,0,0,0,0,0,0,0,0,0,0,0,0,0,0,0,0,0,0,0,0,0,0,0,0,0,0,0,0,0,0,0,0,0,0,0,1,0,0,0,0,0,0,0,0,0,0,0,0,0,0,0,0,0,0,0,0,0,0,0,0,1,0,0,0,0,0,0,0,0,0,0,0,0,0,0,0,0,0,229.75602910052908
B.Nix,DEN,TEN,2025,1,True,0.7050590845844615,30.608345638554578,224.81177154182961,124.4284407153321,4.631626648630288,0.5882496500417175,2.801160991842051,1.364664543921087,2.2164856862325486,227.964286971252,2.4744851997468325,True,0.6669702393571462,32.616309742389504,265.2544623974472,98.01481226242853,2.0083020946260537,0.6403286942489351,3.3058376359954815,1.6786174856806901,1.3745969224065349,231.1417010462374,1.3412621141246461,0,0,0,0,0,0,0,0,0,0,0,0,0,0,0,0,0,0,0,0,0,0,0,0,1,0,0,0,0,0,0,0,0,0,0,0,0,0,0,0,0,0,0,0,0,0,0,0,0,0,0,0,0,0,0,0,0,0,0,0,0,0,0,0,0,0,0,0,0,0,0,0,0,0,0,0,0,0,0,0,0,0,0,0,0,0,0,0,0,0,0,0,0,0,0,0,0,0,0,0,0,0,0,0,0,0,0,0,0,0,0,0,0,0,0,0,0,0,0,0,0,0,0,0,0,0,0,0,0,0,0,0,0,0,0,0,0,0,0,0,0,0,0,0,0,0,0,0,0,0,0,0,0,0,0,0,0,0,0,0,0,0,0,0,0,0,0,0,0,0,0,0,0,0,0,0,0,0,0,0,0,0,0,0,0,0,0,0,0,0,0,0,0,0,0,0,0,0,0,0,0,0,0,0,0,0,0,0,0,0,0,0,0,0,0,0,0,0,0,0,0,0,0,0,0,0,0,0,0,0,0,0,0,0,0,0,0,0,0,0,0,0,0,0,0,0,0,0,0,0,0,0,0,0,1,0,0,0,0,0,0,0,0,0,0,0,0,0,0,0,0,0,0,0,0,0,0,0,0,1,0,0,0,0,0,0,0,0,0,0,0,0,0,0,0,0,0,0,0,0,0,0,0,0,0,0,0,0,0,0,0,0,0,0,0,0,0,0,0,224.68422799422802
B.Purdy,SEA,SF,2025,1,False,0.7184910937350157,29.33514808551266,242.01392362078195,134.61515071406802,6.825580082485568,1.1048227188755502,3.9421118853298394,1.5177936527056954,1.9708166035545862,274.2502924300529,3.980250571026264,False,0.6397501439439,32.34386109031585,229.12669721363778,133.66031068264135,-0.5698410048425312,0.49846394478300854,6.525042672215508,3.2503420699482586,0.9192417102038632,232.3230320070976,-2.5829768146689864,0,0,0,0,0,0,0,0,0,0,0,0,0,0,0,0,0,0,0,0,0,0,0,0,0,0,0,0,1,0,0,0,0,0,0,0,0,0,0,0,0,0,0,0,0,0,0,0,0,0,0,0,0,0,0,0,0,0,0,0,0,0,0,0,0,0,0,0,0,0,0,0,0,0,0,0,0,0,0,0,0,0,0,0,0,0,0,0,0,0,0,0,0,0,0,0,0,0,0,0,0,0,0,0,0,0,0,0,0,0,0,0,0,0,0,0,0,0,0,0,0,0,0,0,0,0,0,0,0,0,0,0,0,0,0,0,0,0,0,0,0,0,0,0,0,0,0,0,0,0,0,0,0,0,0,0,0,0,0,0,0,0,0,0,0,0,0,0,0,0,0,0,0,0,0,0,0,0,0,0,0,0,0,0,0,0,0,0,0,0,0,0,0,0,0,0,0,0,0,0,0,0,0,0,0,0,0,0,0,0,0,0,0,0,0,0,0,0,0,0,0,0,0,0,0,0,0,0,0,0,0,0,0,0,0,0,0,0,0,0,0,0,0,0,0,0,0,0,0,0,0,0,0,0,0,0,0,0,0,0,0,0,0,0,0,0,0,0,0,0,0,0,0,1,0,0,0,0,0,0,0,0,0,0,0,0,1,0,0,0,0,0,0,0,0,0,0,0,0,0,0,0,0,0,0,0,0,0,0,0,0,0,0,0,0,0,0,0,0,265.0046283068784
J.Love,GB,DET,2025,1,True,0.6814016033437279,23.29622475068198,201.57516912789745,97.24228568794197,5.056107952510233,0.7364661163714227,3.188559786223754,0.8923871176636594,1.2277297868129682,194.02564612308583,-0.1343045579033328,True,0.665264166970784,35.195636968469515,283.8015372399407,152.98427478140283,4.968369554805869,0.772787419042104,6.93714976147309,2.5161750303770942,2.002313810719019,301.2354719174533,0.9792638088391232,0,0,0,0,0,0,0,0,0,0,0,0,0,0,0,0,0,0,0,0,0,0,0,0,0,0,0,0,0,0,0,0,0,0,0,0,0,0,0,0,0,0,0,0,0,0,0,0,0,0,0,0,0,0,0,0,0,0,0,0,0,0,0,0,0,0,0,0,0,0,0,0,0,0,0,0,0,0,0,0,0,0,0,0,0,0,0,0,0,0,0,0,0,0,0,0,0,0,0,0,0,0,0,0,0,0,0,0,0,0,0,0,0,0,0,0,0,0,0,1,0,0,0,0,0,0,0,0,0,0,0,0,0,0,0,0,0,0,0,0,0,0,0,0,0,0,0,0,0,0,0,0,0,0,0,0,0,0,0,0,0,0,0,0,0,0,0,0,0,0,0,0,0,0,0,0,0,0,0,0,0,0,0,0,0,0,0,0,0,0,0,0,0,0,0,0,0,0,0,0,0,0,0,0,0,0,0,0,0,0,0,0,0,0,0,0,0,0,0,0,0,0,0,0,0,0,0,0,0,0,0,0,0,0,0,0,0,0,0,0,0,0,0,0,0,0,0,0,0,0,0,0,0,0,0,0,1,0,0,0,0,0,0,0,0,0,0,0,0,0,0,0,0,0,0,0,0,0,0,0,0,0,0,0,0,0,0,0,0,0,0,0,0,0,0,0,0,0,0,0,0,1,0,0,0,0,0,0,0,0,0,0,0,0,0,0,0,0,0,229.4630251322751
J.Goff,GB,DET,2025,1,False,0.6949751208596574,33.60813540022469,237.54143525458414,126.2609247215384,3.810174273063624,0.8126852418403506,5.160707404127845,1.889049655232059,1.2384303532401837,265.151159143854,0.04791588532626907,False,0.6810943911729402,32.79985606386453,292.26390379459883,100.98227718320435,2.262555812666731,0.729987893111107,5.955846780957455,3.0838404796492966,1.955200527167341,250.63009382979635,5.080919380482257,0,0,0,0,0,0,0,0,0,0,0,0,0,0,0,0,0,0,0,0,0,0,0,0,0,0,0,0,0,0,0,0,0,0,0,0,0,0,0,0,0,0,0,0,0,0,0,0,0,0,0,0,0,0,0,0,0,0,0,0,0,0,0,0,0,0,0,0,0,0,0,0,0,0,0,0,0,0,0,0,0,0,0,0,0,0,0,0,0,0,0,0,0,0,0,0,0,0,0,0,0,0,0,0,0,0,0,0,0,0,1,0,0,0,0,0,0,0,0,0,0,0,0,0,0,0,0,0,0,0,0,0,0,0,0,0,0,0,0,0,0,0,0,0,0,0,0,0,0,0,0,0,0,0,0,0,0,0,0,0,0,0,0,0,0,0,0,0,0,0,0,0,0,0,0,0,0,0,0,0,0,0,0,0,0,0,0,0,0,0,0,0,0,0,0,0,0,0,0,0,0,0,0,0,0,0,0,0,0,0,0,0,0,0,0,0,0,0,0,0,0,0,0,0,0,0,0,0,0,0,0,0,0,0,0,0,0,0,0,0,0,0,0,0,0,0,0,0,0,0,0,0,0,0,0,1,0,0,0,0,0,0,0,0,0,0,0,0,0,0,0,0,0,0,0,0,0,0,0,0,0,0,0,0,0,0,0,0,0,0,0,0,0,0,0,0,0,0,0,0,0,0,0,0,0,0,0,1,0,0,0,0,0,0,0,0,0,0,0,263.1143918951419
M.Stafford,LA,HOU,2025,1,True,0.6783860842113478,34.29900771539409,303.4888484291896,124.84314171874666,7.74862152042906,0.38846417235980557,5.572381974555713,2.64259425377306,1.8991279642764214,292.01674488626617,2.068959124830283,False,0.6312849302120557,30.28988626906668,272.6325474907775,100.7826965604871,-2.2268787906149834,0.9646054805687677,6.2050389387761715,2.7554256465219926,1.7504898697084914,229.43458899171068,-1.4626377503430767,0,0,0,0,0,0,0,0,0,0,0,0,0,0,0,0,0,0,0,0,0,0,0,0,0,0,0,0,0,0,0,0,0,0,0,0,0,0,0,0,0,0,0,0,0,0,0,0,0,0,0,0,0,0,0,0,0,0,0,0,0,0,0,0,0,0,0,0,0,0,0,0,0,0,0,0,0,0,0,0,0,0,0,0,0,0,0,0,0,0,0,0,0,0,0,0,0,0,0,0,0,0,0,0,0,0,0,0,0,0,0,0,0,0,0,0,0,0,0,0,0,0,0,0,0,0,0,0,0,0,0,0,0,0,0,0,0,0,0,0,0,0,0,0,0,0,0,0,0,0,0,0,0,0,0,0,0,0,0,0,0,0,0,0,0,0,0,0,0,1,0,0,0,0,0,0,0,0,0,0,0,0,0,0,0,0,0,0,0,0,0,0,0,0,0,0,0,0,0,0,0,0,0,0,0,0,0,0,0,0,0,0,0,0,0,0,0,0,0,0,0,0,0,0,0,0,0,0,0,0,0,0,0,0,0,0,0,0,0,0,0,0,0,0,0,0,0,0,0,0,0,0,0,0,0,0,0,0,0,0,0,1,0,0,0,0,0,0,0,0,0,0,0,0,0,0,0,0,0,0,0,0,0,0,0,0,0,0,0,0,0,0,0,0,0,0,0,0,0,0,0,1,0,0,0,0,0,0,0,0,0,0,0,0,0,0,0,0,0,259.69332696007694
C.Stroud,LA,HOU,2025,1,False,0.6908405424418252,27.515860963454774,243.8926663065061,93.09170819369344,0.49458114033364803,0.3287042531810824,6.047381513286551,2.914113649464976,0.9564477970547388,217.9604044293446,2.9945008799950896,False,0.6695914527977885,33.9666726546375,268.65027397125044,121.96350633036447,-4.914402552447113,0.6846277168996399,5.645125254581544,3.891284321070335,1.0930214323411485,234.5871409174672,-1.5244537639885058,0,0,0,0,0,0,0,0,0,0,0,0,0,0,0,0,0,0,0,0,0,0,0,0,0,0,0,0,0,0,0,0,0,0,0,0,0,0,0,0,0,0,0,0,0,0,0,0,0,0,0,0,0,0,0,1,0,0,0,0,0,0,0,0,0,0,0,0,0,0,0,0,0,0,0,0,0,0,0,0,0,0,0,0,0,0,0,0,0,0,0,0,0,0,0,0,0,0,0,0,0,0,0,0,0,0,0,0,0,0,0,0,0,0,0,0,0,0,0,0,0,0,0,0,0,0,0,0,0,0,0,0,0,0,0,0,0,0,0,0,0,0,0,0,0,0,0,0,0,0,0,0,0,0,0,0,0,0,0,0,0,0,0,0,0,0,0,0,0,0,0,0,0,0,0,0,0,0,0,0,0,0,0,0,0,0,0,0,0,0,0,0,0,0,0,0,0,0,0,0,0,0,0,0,0,0,0,0,0,0,0,0,0,0,0,0,0,0,0,0,0,0,0,0,0,0,0,0,0,0,0,0,0,0,0,0,0,0,0,0,0,0,0,0,0,0,0,0,0,0,0,0,0,0,0,0,0,1,0,0,0,0,0,0,0,0,0,0,0,0,0,0,0,0,0,0,0,0,0,0,0,0,0,0,0,0,0,0,0,0,0,1,0,0,0,0,0,0,0,0,0,0,0,0,0,0,0,0,0,0,0,0,0,0,0,0,0,0,0,203.91873544973552
J.Allen,BUF,BAL,2025,1,True,0.6742812703559845,33.82191592266495,286.37801414994846,114.90540329129098,4.178296362711459,0.332218106026406,5.133877815397607,1.7118088994396956,1.6661637671023934,235.49312322579138,4.005534930278013,False,0.6424705872536957,33.078480028921746,267.22570960926646,101.45722902630101,0.20289269881939534,0.702585383611326,4.839315624852989,1.507667227411561,0.8943203518675958,213.9689191142338,-0.025737064839081777,0,0,0,0,0,0,0,0,0,0,0,0,0,0,0,0,0,0,0,0,0,0,0,0,0,0,0,0,0,0,0,0,0,0,0,0,0,0,0,0,0,0,0,0,0,0,0,0,0,0,0,0,0,0,0,0,0,0,0,0,0,0,0,0,0,0,0,0,0,0,0,0,0,0,0,0,0,0,0,0,0,0,0,0,0,0,0,0,0,0,0,0,1,0,0,0,0,0,0,0,0,0,0,0,0,0,0,0,0,0,0,0,0,0,0,0,0,0,0,0,0,0,0,0,0,0,0,0,0,0,0,0,0,0,0,0,0,0,0,0,0,0,0,0,0,0,0,0,0,0,0,0,0,0,0,0,0,0,0,0,0,0,0,0,0,0,0,0,0,0,0,0,0,0,0,0,0,0,0,0,0,0,0,0,0,0,0,0,0,0,0,0,0,0,0,0,0,0,0,0,0,0,0,0,0,0,0,0,0,0,0,0,0,0,0,0,0,0,0,0,0,0,0,0,0,0,0,0,0,0,0,0,0,0,0,0,0,0,0,0,0,0,0,0,0,0,0,0,1,0,0,0,0,0,0,0,0,0,0,0,0,0,0,0,0,0,0,0,0,0,0,0,0,0,0,0,0,0,0,0,0,0,0,0,0,0,0,0,0,0,0,1,0,0,0,0,0,0,0,0,0,0,0,0,0,0,0,0,0,0,0,0,0,0,0,0,0,0,0,197.54679304954297
L.Jackson,BUF,BAL,2025,1,False,0.685720606846196,25.686265730026722,238.1395081370624,79.37329150175759,1.7710463877113538,0.5986075211077261,4.722639199901147,2.3782106549645827,1.7216657130531279,209.91792402924818,4.741803685532939,False,0.6853592377733092,30.387351133237633,238.40361837095983,118.95431813116348,6.924224892058444,0.46701326697806783,4.872592625871958,1.765403364642924,1.7517974289576888,247.18384156167866,4.973322636881935,0,0,0,0,0,0,0,0,0,0,0,0,0,0,0,0,0,0,0,0,0,0,0,0,0,0,0,0,0,0,0,0,0,0,0,0,0,0,0,0,0,0,0,0,0,0,0,0,0,0,0,0,0,0,0,0,0,0,0,0,0,0,0,0,0,0,0,0,0,0,0,0,0,0,0,0,0,0,0,0,0,0,0,0,0,0,0,0,0,0,0,0,0,0,0,0,0,0,0,0,0,0,0,0,0,0,0,0,0,0,0,0,0,0,0,0,0,0,0,0,0,0,0,0,0,0,0,0,0,0,0,0,0,0,0,0,0,0,0,0,0,0,0,0,0,0,1,0,0,0,0,0,0,0,0,0,0,0,0,0,0,0,0,0,0,0,0,0,0,0,0,0,0,0,0,0,0,0,0,0,0,0,0,0,0,0,0,0,0,0,0,0,0,0,0,0,0,0,0,0,0,0,0,0,0,0,0,0,0,0,0,0,0,0,0,0,0,0,0,0,0,0,0,0,0,0,0,0,0,0,0,0,0,0,0,0,0,0,0,0,0,0,0,0,0,0,0,1,0,0,0,0,0,0,0,0,0,0,0,0,0,0,0,0,0,0,0,0,0,0,0,0,0,0,0,0,0,0,0,1,0,0,0,0,0,0,0,0,0,0,0,0,0,0,0,0,0,0,0,0,0,0,0,0,0,0,0,0,0,0,0,0,0,0,0,0,0,0,0,220.02855026455035
C.Williams,CHI,MIN,2025,1,True,0.6493371484804769,31.721337419159436,243.50484947112582,112.6034498483772,-2.061843255502129,0.21570468629020578,5.874250593672426,3.8115573554085596,1.1839296567188433,200.04611283112726,1.8530263277576138,False,0.684418669966534,30.60588152088573,237.67517690131592,112.94733973115737,2.757928115680624,0.7784159087886138,4.486822929921777,2.2801003083871008,1.6446464530728402,236.29690891262038,0.005780192593967038,0,0,0,0,0,0,0,0,0,0,0,0,0,0,0,0,0,0,0,0,0,0,0,0,0,0,0,0,0,0,0,0,0,0,0,0,0,0,0,0,0,0,0,0,0,0,0,0,0,0,0,0,0,0,0,0,0,0,0,1,0,0,0,0,0,0,0,0,0,0,0,0,0,0,0,0,0,0,0,0,0,0,0,0,0,0,0,0,0,0,0,0,0,0,0,0,0,0,0,0,0,0,0,0,0,0,0,0,0,0,0,0,0,0,0,0,0,0,0,0,0,0,0,0,0,0,0,0,0,0,0,0,0,0,0,0,0,0,0,0,0,0,0,0,0,0,0,0,0,0,0,0,0,0,0,0,0,0,0,0,0,0,0,0,0,0,0,0,0,0,0,0,0,0,0,0,0,0,0,0,0,0,0,0,0,0,0,0,0,0,0,0,0,0,0,0,0,0,0,0,0,0,0,0,0,0,0,0,0,0,0,0,0,0,0,0,0,0,0,0,0,0,0,0,0,0,0,0,0,0,0,0,0,0,0,0,0,0,0,0,0,0,0,0,0,0,0,0,0,0,1,0,0,0,0,0,0,0,0,0,0,0,0,0,0,0,0,0,0,0,0,0,0,0,0,0,0,0,0,0,0,0,0,0,0,0,0,1,0,0,0,0,0,0,0,0,0,0,0,0,0,0,0,0,0,0,0,0,0,0,0,0,0,0,0,0,0,0,0,195.9231132756133
