,home_flag_passer,completion_percentage_ewma_passer,pass_attempts_ewma_passer,air_yards_ewma_passer,yards_after_catch_ewma_passer,epa_ewma_passer,interception_ewma_passer,qb_hit_ewma_passer,sack_ewma_passer,pass_touchdown_ewma_passer,passing_yards_ewma_passer,cpoe_ewma_passer,total_top_seconds_ewma,home_flag_defense,completion_percentage_ewma_defense,pass_attempts_ewma_defense,air_yards_ewma_defense,yards_after_catch_ewma_defense,epa_ewma_defense,interception_ewma_defense,qb_hit_ewma_defense,sack_ewma_defense,pass_touchdown_ewma_defense,passing_yards_ewma_defense,cpoe_ewma_defense,odds,passer_player_name_A.Rodgers,passer_player_name_B.Mayfield,passer_player_name_B.Nix,passer_player_name_B.Young,passer_player_name_C.Stroud,passer_player_name_C.Ward,passer_player_name_C.Wentz,passer_player_name_C.Williams,passer_player_name_D.Gabriel,passer_player_name_D.Jones,passer_player_name_D.Maye,passer_player_name_D.Mills,passer_player_name_D.Prescott,passer_player_name_G.Smith,passer_player_name_J.Allen,passer_player_name_J.Brissett,passer_player_name_J.Daniels,passer_player_name_J.Dart,passer_player_name_J.Fields,passer_player_name_J.Flacco,passer_player_name_J.Goff,passer_player_name_J.Herbert,passer_player_name_J.Hurts,passer_player_name_J.Love,passer_player_name_J.McCarthy,passer_player_name_K.Murray,passer_player_name_L.Jackson,passer_player_name_M.Mariota,passer_player_name_M.Penix,passer_player_name_M.Stafford,passer_player_name_P.Mahomes,passer_player_name_S.Darnold,passer_player_name_S.Rattler,passer_player_name_T.Lawrence,passer_player_name_T.Shough,passer_player_name_T.Tagovailoa,posteam_ATL,posteam_BAL,posteam_BUF,posteam_CAR,posteam_CHI,posteam_CIN,posteam_CLE,posteam_DAL,posteam_DEN,posteam_DET,posteam_GB,posteam_HOU,posteam_IND,posteam_JAX,posteam_KC,posteam_LA,posteam_LAC,posteam_LV,posteam_MIA,posteam_MIN,posteam_NE,posteam_NO,posteam_NYG,posteam_NYJ,posteam_PHI,posteam_PIT,posteam_SEA,posteam_TB,posteam_TEN,posteam_WAS,defteam_ATL,defteam_BAL,defteam_BUF,defteam_CAR,defteam_CHI,defteam_CIN,defteam_CLE,defteam_DAL,defteam_DEN,defteam_DET,defteam_GB,defteam_HOU,defteam_IND,defteam_JAX,defteam_KC,defteam_LA,defteam_LAC,defteam_LV,defteam_MIA,defteam_MIN,defteam_NE,defteam_NO,defteam_NYG,defteam_NYJ,defteam_PHI,defteam_PIT,defteam_SEA,defteam_SF,defteam_TB,defteam_TEN,defteam_WAS,roof_dome,roof_outdoors,surface_a_turf,surface_astroturf,surface_fieldturf,surface_grass,surface_matrixturf,surface_sportturf
71,False,0.6370078639966427,32.119306930693064,262.4962871287129,102.67574257425743,2.995915210837185,0.55,2.3519801980198016,1.5725247524752477,2.029207920792079,233.71806930693072,-5.206290906077565,1175.1086633663367,True,0.6855735520064893,29.806752409578348,251.69520470133705,114.69715891304935,2.7579317642860266,0.648773409068663,5.316029546935185,2.8025944296179524,1.4917719944663395,247.92666204507148,4.8474335830185105,-115.0,0,0,0,0,0,0,0,1,0,0,0,0,0,0,0,0,0,0,0,0,0,0,0,0,0,0,0,0,0,0,0,0,0,0,0,0,0,0,0,0,1,0,0,0,0,0,0,0,0,0,0,0,0,0,0,0,0,0,0,0,0,0,0,0,0,0,0,0,0,0,0,0,0,0,0,0,0,0,0,0,0,0,0,0,0,0,0,0,0,0,0,0,0,0,0,0,1,0,1,0,0,0,1,0,0
161,True,0.6242243971603899,40.962411702093355,300.602006257459,112.82757313808341,-2.745116693228824,0.7968583685449793,6.872355901041834,1.9613618036964164,1.415848466277457,238.34144115085635,-1.8483776627108155,1267.254623746089,False,0.6381637168874073,29.98150485790722,201.0699693526966,118.35275811956856,4.1113782923939795,0.18284287033429986,3.821613746886314,1.4917840782481748,1.6659649349668615,208.07004297540766,0.042720842089007775,-115.0,0,0,0,0,0,0,0,0,0,0,0,0,0,0,0,0,0,0,0,1,0,0,0,0,0,0,0,0,0,0,0,0,0,0,0,0,0,0,0,0,0,1,0,0,0,0,0,0,0,0,0,0,0,0,0,0,0,0,0,0,0,0,0,0,0,0,0,0,0,0,0,0,0,0,0,0,0,0,0,0,0,0,0,0,0,0,0,0,0,1,0,0,0,0,0,0,0,0,1,0,0,1,0,0,0
265,False,0.6357460334872942,36.26282412176696,317.4220625552792,98.72019194667793,-2.7787961233909906,0.6278603923971304,6.017140826430536,3.2054584683305616,0.9778735263159373,236.6710380162156,-3.5443453717840607,1379.2780996982349,True,0.5943560893307632,30.358325880970213,295.6775126745756,90.02986407226501,-6.06953518253344,1.2608712291733593,5.06033609075073,2.01849715952477,1.2116966002186846,195.41822105531512,-6.378019166228684,-115.0,0,0,0,0,0,0,0,0,0,0,0,0,0,0,0,0,0,0,0,0,0,0,0,0,0,0,0,0,0,0,0,0,0,1,0,0,0,0,0,0,0,0,0,0,0,0,0,0,0,1,0,0,0,0,0,0,0,0,0,0,0,0,0,0,0,0,0,0,0,0,0,0,0,0,0,0,0,1,0,0,0,0,0,0,0,0,0,0,0,0,0,0,0,0,0,0,0,0,0,0,0,0,0,0,0
256,False,0.46689197688403716,18.920265780730897,176.18272425249168,31.72093023255814,-5.392314015036802,0.7308970099667775,1.790697674418605,1.0598006644518274,0.4019933554817276,112.85049833887044,-19.736944162172335,912.468438538206,True,0.6664693046490067,30.92843787785222,252.2272041562883,102.46805991442962,4.804415644984663,0.7091545242454016,3.974234078424592,1.9166172725782888,1.2789214436000846,227.05413394528748,1.61201666801798,-115.0,0,0,0,0,0,0,0,0,0,0,0,0,0,0,0,0,0,0,0,0,0,0,0,0,0,0,0,0,0,0,0,0,0,0,1,0,0,0,0,0,0,0,0,0,0,0,0,0,0,0,0,0,0,0,0,0,0,1,0,0,0,0,0,0,0,0,0,0,0,1,0,0,0,0,0,0,0,0,0,0,0,0,0,0,0,0,0,0,0,0,0,0,0,0,0,0,0,0,1,0,0,0,0,0,0
45,True,0.7171078242301225,26.81027803760926,265.4937957617005,92.21073444505372,11.224771325514324,0.44529722930039034,3.391702415895236,1.1093684482146888,2.0606860626390997,270.79781472760703,11.667228361707663,918.386478727865,False,0.626794395814945,28.390852877326953,244.58541751695483,98.67455292206412,-5.841289952306401,1.254073533648479,5.1705176087643645,2.3657334970198467,0.7829467419630577,199.60994818192657,-6.626330064195733,-115.0,0,0,0,0,0,0,0,0,0,0,0,0,0,0,0,0,0,0,0,0,0,0,0,0,0,0,0,0,0,0,0,1,0,0,0,0,0,0,0,0,0,0,0,0,0,0,0,0,0,0,0,0,0,0,0,0,0,0,0,0,0,0,1,0,0,0,0,0,0,0,0,0,0,0,0,0,0,1,0,0,0,0,0,0,0,0,0,0,0,0,0,0,0,0,0,0,0,0,1,0,0,1,0,0,0
98,False,0.7690669581896231,28.928668065332054,198.6456343993255,110.439089429619,8.370035733733186,0.320817238877669,5.411266445755966,3.3303072488774736,1.2972098586302225,250.63773259347855,12.769072709631724,1099.4775004411676,True,0.6911841698057508,30.80947421117961,256.67805243381895,111.55664375721871,1.0300920792773531,0.7000682981325518,4.683451307131261,2.098123041682999,1.9002927966785434,225.2609870767263,1.949091613220356,-115.0,0,0,0,0,0,0,0,0,0,0,1,0,0,0,0,0,0,0,0,0,0,0,0,0,0,0,0,0,0,0,0,0,0,0,0,0,0,0,0,0,0,0,0,0,0,0,0,0,0,0,0,0,0,0,0,0,1,0,0,0,0,0,0,0,0,0,0,0,0,0,0,0,0,0,0,0,0,0,0,0,0,0,0,0,0,0,0,1,0,0,0,0,0,0,0,0,0,1,0,0,0,0,0,0,1
255,False,0.3224138021469116,16.85,147.4,21.45,-9.080221688747407,0.55,1.6500000000000001,1.1,0.0,70.4,-31.075633764266964,1277.8,True,0.6440348464180412,36.563994567082624,306.26915755646894,100.63775602752195,-5.60907219945846,0.5490659813665234,7.91098802719059,4.014405565993953,1.1670829828600524,237.78198237439275,-1.7089542041610113,-115.0,0,0,0,0,0,0,0,0,0,0,0,0,0,0,0,0,0,0,0,0,0,0,0,0,0,0,0,0,0,0,0,0,0,0,1,0,0,0,0,0,0,0,0,0,0,0,0,0,0,0,0,0,0,0,0,0,0,1,0,0,0,0,0,0,0,0,0,0,0,0,0,0,0,0,0,0,0,0,0,0,0,1,0,0,0,0,0,0,0,0,0,0,0,0,0,0,0,1,0,0,0,0,0,1,0
185,True,0.717843404777863,28.20934560066572,272.31035536644555,85.69862709992697,3.5391622983673185,0.19714895102774027,3.897763374034171,3.22699960188251,1.8305277634243602,240.98174249782485,7.718643413757038,923.7252775771173,False,0.6585226315121119,37.24692409359563,300.66665007221496,110.64817735634162,1.1986515832250897,0.5506706186431781,5.031918933044259,1.9882311716817342,1.3958732457314134,258.7336121967473,-0.46116373984799963,-115.0,0,0,0,0,0,0,0,0,0,0,0,0,0,0,0,0,0,0,0,0,0,0,1,0,0,0,0,0,0,0,0,0,0,0,0,0,0,0,0,0,0,0,0,0,0,0,0,0,0,0,0,0,0,0,0,0,0,0,0,0,1,0,0,0,0,0,0,0,0,0,0,0,0,0,0,0,0,0,0,0,0,0,0,0,0,0,0,0,1,0,0,0,0,0,0,0,0,0,1,0,0,0,1,0,0
32,True,0.6075180499735389,35.44131408443251,312.8373021221557,114.46219774945288,2.9769524703553145,0.6161231769689623,3.4732257210423434,0.9972281387465972,2.083799782024019,221.24981195768342,-2.431831560109544,1106.591521400373,False,0.6986536418812672,32.98704222300138,248.27173216843224,109.79452032349917,3.4956626740903904,0.569468723864999,3.9234821248767333,1.9762836671599748,1.403360273786848,239.4344186379047,1.2817527513689952,-115.0,0,0,1,0,0,0,0,0,0,0,0,0,0,0,0,0,0,0,0,0,0,0,0,0,0,0,0,0,0,0,0,0,0,0,0,0,0,0,0,0,0,0,0,0,1,0,0,0,0,0,0,0,0,0,0,0,0,0,0,0,0,0,0,0,0,0,0,0,0,0,0,0,0,0,0,0,0,0,0,0,0,0,0,1,0,0,0,0,0,0,0,0,0,0,0,0,0,0,1,0,0,0,1,0,0
67,False,0.6925280007838023,35.435396039603965,309.12821782178224,118.16039603960395,4.0162272976176565,1.1,7.033168316831683,3.332178217821782,1.0715346534653465,275.1420792079208,3.511725590562466,1215.317326732673,True,0.6619915387234269,30.337286970522836,254.02426932561684,111.00429001813066,1.5217633367576733,0.8379460319470841,4.830333705691378,2.2472663028471183,1.2579253642767145,219.4122965779546,-0.7936836745105765,-115.0,0,0,0,0,0,0,1,0,0,0,0,0,0,0,0,0,0,0,0,0,0,0,0,0,0,0,0,0,0,0,0,0,0,0,0,0,0,0,0,0,0,0,0,0,0,0,0,0,0,0,0,0,0,0,0,1,0,0,0,0,0,0,0,0,0,0,0,0,0,0,0,0,0,0,0,0,0,0,0,0,0,0,1,0,0,0,0,0,0,0,0,0,0,0,0,0,0,1,0,0,0,0,0,1,0
251,True,0.687207666599915,33.549773533852274,234.50326464186975,82.34603243073667,-1.1887497411438332,0.19217270249602947,3.6152428383757185,1.6893198172584851,1.1858198858845903,196.15662437991415,2.108617751421325,1088.3143467775142,False,0.6923443143873177,30.768014054092895,243.60237528205943,114.02039011566688,5.217379622737019,0.628266253181251,3.959227174955629,1.509060310899728,1.8056551815015103,229.4022839305048,4.401429254961411,-115.0,0,0,0,0,0,0,0,0,0,0,0,0,0,0,0,0,0,0,0,0,0,0,0,0,0,0,0,0,0,0,0,0,1,0,0,0,0,0,0,0,0,0,0,0,0,0,0,0,0,0,0,0,0,0,0,0,0,1,0,0,0,0,0,0,0,0,0,0,0,0,0,0,0,0,0,0,0,0,0,0,0,0,0,0,0,0,1,0,0,0,0,0,0,0,0,0,0,1,0,0,0,0,0,0,1
21,True,0.6588652364152184,32.86923240008182,285.52556938164815,123.99583587061187,-0.34328309801395673,0.2880909329495349,3.238484857116973,2.3201250045530917,1.3312751295646499,236.13213650449563,-1.6575971006260952,1150.606174622981,False,0.6818400595039763,32.029980206878186,242.96039780244465,99.74754316978965,-1.5069645408974812,0.7007755540688606,3.805921009144449,1.8145580697912105,1.7738476638092622,219.83159516891206,3.50063097830864,-118.0,0,1,0,0,0,0,0,0,0,0,0,0,0,0,0,0,0,0,0,0,0,0,0,0,0,0,0,0,0,0,0,0,0,0,0,0,0,0,0,0,0,0,0,0,0,0,0,0,0,0,0,0,0,0,0,0,0,0,0,0,0,0,0,1,0,0,0,0,0,0,0,0,0,0,0,0,0,0,0,0,0,0,0,0,0,0,1,0,0,0,0,0,0,0,0,0,0,0,1,0,0,0,0,0,0
74,True,0.6211432275325723,31.982735668034305,267.93076363055604,130.3070660599925,5.0602625844226825,0.5086354874049805,3.945026716142042,1.6538863557613193,1.4350631035181625,246.67165700321564,-1.86304935058622,1123.3331131777218,False,0.6963388450929625,32.27273431058881,252.23139384999513,107.37605261044357,4.449284828478274,0.3686307447115489,4.508970525426322,2.2896423545968636,1.8931052306135912,242.55721147054984,3.3395114330917304,-115.0,0,0,0,0,0,0,0,1,0,0,0,0,0,0,0,0,0,0,0,0,0,0,0,0,0,0,0,0,0,0,0,0,0,0,0,0,0,0,0,0,1,0,0,0,0,0,0,0,0,0,0,0,0,0,0,0,0,0,0,0,0,0,0,0,0,0,0,0,0,0,0,0,0,0,0,0,0,0,0,0,0,0,0,0,0,0,0,0,1,0,0,0,0,0,0,0,0,0,1,0,0,0,0,0,0
144,True,0.6789864748716354,29.349999999999998,237.54999999999998,105.60000000000001,-12.02105293273926,1.1,5.8999999999999995,2.8000000000000003,1.55,161.05,-1.0888268068432807,1254.5,False,0.6189138364286922,34.7821279225228,287.094879604558,107.19275178207312,-3.101534234884393,0.8326078193503784,5.448981892819724,2.1265797638570145,1.424250118353286,229.13732625268173,-3.7638766813778735,-115.0,0,0,0,0,0,0,0,0,0,0,0,0,0,0,0,0,0,1,0,0,0,0,0,0,0,0,0,0,0,0,0,0,0,0,0,0,0,0,0,0,0,0,0,0,0,0,0,0,0,0,0,0,0,0,0,0,0,0,1,0,0,0,0,0,0,0,0,0,0,0,0,0,0,0,0,0,0,0,0,0,0,0,0,0,0,0,0,0,0,0,1,0,0,0,0,0,0,0,1,0,0,1,0,0,0
149,False,0.6347907992553101,29.003036802890044,248.61515982324298,94.53815759765185,1.1458415055366862,0.4066590329968067,5.120601232138825,3.1545737509273293,1.723871883366126,201.65210947327677,-1.195453918692352,1060.8123810598975,True,0.7346371873105643,29.77036686319929,265.54193513857075,106.00009115899798,3.34343023796416,1.3981616762794078,4.535102035285325,2.342164393285092,2.227917389619463,264.3100922907938,4.98766487543274,-115.0,0,0,0,0,0,0,0,0,0,0,0,0,0,0,0,0,0,1,0,0,0,0,0,0,0,0,0,0,0,0,0,0,0,0,0,0,0,0,0,0,0,0,0,0,0,0,0,0,0,0,0,0,0,0,0,0,0,0,1,0,0,0,0,0,0,0,0,0,0,0,1,0,0,0,0,0,0,0,0,0,0,0,0,0,0,0,0,0,0,0,0,0,0,0,0,0,0,0,1,0,0,0,0,0,0
64,True,0.6164563140123493,33.899340747323485,273.8261172119948,98.18305726808885,-10.04907691726376,0.8759128365435356,6.637814723718387,4.217546028256255,0.7176038291735976,220.69579862865544,-4.384183693873578,1105.774798566547,False,0.6507203541995052,30.27596206679141,227.47440217550468,113.73078274210691,-1.073242827897843,0.8674103897748869,5.406636668292946,2.747763338693097,1.21102984349913,208.06460629105376,-2.7933421459330154,-115.0,0,0,0,0,0,1,0,0,0,0,0,0,0,0,0,0,0,0,0,0,0,0,0,0,0,0,0,0,0,0,0,0,0,0,0,0,0,0,0,0,0,0,0,0,0,0,0,0,0,0,0,0,0,0,0,0,0,0,0,0,0,0,0,0,1,0,0,0,0,0,0,0,0,0,0,0,0,0,0,0,0,0,1,0,0,0,0,0,0,0,0,0,0,0,0,0,0,0,1,0,0,0,1,0,0
91,False,0.7234659878726788,29.9560455836877,260.06425980502496,115.22287576083333,9.801337628160299,0.3561978670982842,4.632866727032104,1.348939795050159,1.9180528807762394,256.6772493207721,5.985717261783231,1016.08369579836,True,0.7069724431444312,38.446547666519315,253.14214129192027,147.8381698002094,7.006188175166238,0.5781992305416084,7.315094651862121,2.7283837898205485,1.987850049198895,291.3126162159098,5.016585499486483,-115.0,0,0,0,0,0,0,0,0,0,1,0,0,0,0,0,0,0,0,0,0,0,0,0,0,0,0,0,0,0,0,0,0,0,0,0,0,0,0,0,0,0,0,0,0,0,0,0,0,1,0,0,0,0,0,0,0,0,0,0,0,0,0,0,0,0,0,0,0,0,0,0,0,0,0,0,0,0,0,0,0,0,0,0,0,0,0,0,0,0,0,0,1,0,0,0,0,0,0,1,0,0,0,1,0,0
12,False,0.7079401878300094,31.144288905119176,180.5656548606941,130.75652958902626,1.3314830776251114,0.5245032576788478,3.7163326526266447,1.8729373443192827,2.0185682907739886,213.6163422141195,3.3559717677400744,1030.901207550007,True,0.6363036710674896,28.589423509192972,219.38814723450383,108.50700406172385,-1.185869654183152,0.7096994098158165,5.332702728603319,2.975442731657989,0.9908425992265607,196.59831423813486,-4.428127445405157,-115.0,1,0,0,0,0,0,0,0,0,0,0,0,0,0,0,0,0,0,0,0,0,0,0,0,0,0,0,0,0,0,0,0,0,0,0,0,0,0,0,0,0,0,0,0,0,0,0,0,0,0,0,0,0,0,0,0,0,0,0,0,0,1,0,0,0,0,0,0,0,0,0,0,0,0,0,0,0,0,0,0,0,0,1,0,0,0,0,0,0,0,0,0,0,0,0,0,0,1,0,0,0,0,0,0,0
125,False,0.7228567390773243,28.645261857610635,215.0466069292759,121.09086096351051,6.513306127249293,0.5219505499892159,3.8771788788455126,1.6619281974863238,1.8777082802297993,236.60796847120645,4.98493933521068,1236.1281935648321,True,0.6531194160851733,28.768424577276853,255.06669100178405,78.41763033179998,0.36685721600687315,0.7550041455432026,4.558493322734577,2.465493122160253,1.6961477683156216,191.64687011719943,-0.7357092238048639,-115.0,0,0,0,0,0,0,0,0,0,0,0,0,0,0,1,0,0,0,0,0,0,0,0,0,0,0,0,0,0,0,0,0,0,0,0,0,0,0,1,0,0,0,0,0,0,0,0,0,0,0,0,0,0,0,0,0,0,0,0,0,0,0,0,0,0,0,1,0,0,0,0,0,0,0,0,0,0,0,0,0,0,0,0,0,0,0,0,0,0,0,0,0,0,0,0,0,0,0,0,0,0,1,0,0,0
148,True,0.602341957337571,27.600635281661145,259.70786847316725,99.98998058861591,0.9478018743982829,0.5493421697613772,5.86464971275073,3.559675300484304,1.6269877061234095,205.38958059645887,-2.9257883038405765,1080.3950902923473,False,0.6911379864498839,33.68813563902663,287.00134062143485,104.81902943611699,5.97859563277397,0.23709106410610808,2.799492937820811,1.1159890221090116,1.755894138188491,249.0555582002784,2.5979230057009732,-115.0,0,0,0,0,0,0,0,0,0,0,0,0,0,0,0,0,0,1,0,0,0,0,0,0,0,0,0,0,0,0,0,0,0,0,0,0,0,0,0,0,0,0,0,0,0,0,0,0,0,0,0,0,0,0,0,0,0,0,1,0,0,0,0,0,0,0,0,0,0,0,0,0,0,0,0,0,0,0,0,0,0,0,0,0,0,0,0,0,0,0,0,0,0,1,0,0,0,0,1,0,0,1,0,0,0
88,True,0.7232681047466367,30.23760718194704,260.67219764799205,116.76104640020587,8.611095764187715,0.4611004391805825,4.524743607303545,0.8626919026275619,1.5994124672661598,252.16460029588822,3.8044803502189906,1027.2995901443683,False,0.7629444404794266,26.954571318076802,176.07661663200824,100.98828398859737,4.930395551412112,0.5095683845609442,4.568056155865663,2.109626051365727,1.3754475551803864,214.3396918498261,7.6937868506343845,-115.0,0,0,0,0,0,0,0,0,0,1,0,0,0,0,0,0,0,0,0,0,0,0,0,0,0,0,0,0,0,0,0,0,0,0,0,0,0,0,0,0,0,0,0,0,0,0,0,0,1,0,0,0,0,0,0,0,0,0,0,0,0,0,0,0,0,0,0,0,0,0,0,0,0,0,0,0,0,0,0,0,0,0,0,0,0,0,0,0,0,0,0,0,0,0,0,1,0,0,0,0,0,1,0,0,0
79,False,0.581066940761576,24.073645614791868,141.25626948491205,70.94523636791436,-3.1922746425151725,0.0,4.960902727397501,2.36775749495108,0.5129899413736985,124.16548695123626,-7.9232106550165575,1056.5225975961257,True,0.7156422319573228,30.46453833373161,237.03960659377532,115.05497189561171,1.14257081464167,0.60239311163373,4.15452397662319,2.2168089684535373,1.3905625595175397,233.69904957331315,5.133029809104382,-115.0,0,0,0,0,0,0,0,0,1,0,0,0,0,0,0,0,0,0,0,0,0,0,0,0,0,0,0,0,0,0,0,0,0,0,0,0,0,0,0,0,0,0,1,0,0,0,0,0,0,0,0,0,0,0,0,0,0,0,0,0,0,0,0,0,0,0,0,0,0,0,0,0,0,0,0,0,0,0,0,0,0,0,0,0,0,0,1,0,0,0,0,0,0,0,0,0,0,0,1,0,0,1,0,0,0
38,True,0.6359206984429773,32.432324856375374,225.39556087135549,89.17832983666987,-4.3533103498827534,0.7015940863904628,5.741083508166507,1.8886100272543673,1.4093645222642692,186.70839787455148,0.18680226650778728,1240.5760671359385,False,0.7217701949542892,34.882136319581136,282.2506625693844,136.8333026778382,8.241086715136156,0.36481832462006786,6.179731067900605,2.732563418616124,2.281431212603922,282.67456225176426,8.523034209293309,-115.0,0,0,0,1,0,0,0,0,0,0,0,0,0,0,0,0,0,0,0,0,0,0,0,0,0,0,0,0,0,0,0,0,0,0,0,0,0,0,0,1,0,0,0,0,0,0,0,0,0,0,0,0,0,0,0,0,0,0,0,0,0,0,0,0,0,0,0,0,0,0,0,0,0,1,0,0,0,0,0,0,0,0,0,0,0,0,0,0,0,0,0,0,0,0,0,0,0,0,1,0,0,0,1,0,0
245,False,0.7607960784024592,26.74371090762926,231.98384345404992,91.23207388090431,11.470473293117378,0.6015372247602989,3.1782710142938373,1.1477422011333112,2.0819787847297113,262.30607242995234,13.164973051701663,1021.6769082959157,True,0.6550059690629196,36.210735252875544,318.14538599633175,117.13601667342907,-1.0333217671522874,1.3160400971641286,4.582278064086184,1.559309345619877,1.4666851095453146,266.01180307788786,-1.3972320648450371,-115.0,0,0,0,0,0,0,0,0,0,0,0,0,0,0,0,0,0,0,0,0,0,0,0,0,0,0,0,0,0,0,0,1,0,0,0,0,0,0,0,0,0,0,0,0,0,0,0,0,0,0,0,0,0,0,0,0,0,0,0,0,0,0,1,0,0,0,0,0,0,0,0,0,0,0,0,0,0,0,0,1,0,0,0,0,0,0,0,0,0,0,0,0,0,0,0,0,0,0,1,0,0,0,1,0,0
77,False,0.5077865448504982,13.999999999999998,89.56478405315615,45.17275747508306,-0.36959854748557974,0.0,1.2059800664451827,0.8039867109634552,1.0730897009966778,81.49169435215947,-11.692063589824793,1034.2192691029902,True,0.72752092183957,33.591707742300684,236.47488348360199,119.62771468323554,4.342525431789849,1.0556696513729507,7.004651552302446,3.104909223938479,1.8186946714454444,270.36912508007674,6.499089936438766,-115.0,0,0,0,0,0,0,0,0,1,0,0,0,0,0,0,0,0,0,0,0,0,0,0,0,0,0,0,0,0,0,0,0,0,0,0,0,0,0,0,0,0,0,1,0,0,0,0,0,0,0,0,0,0,0,0,0,0,0,0,0,0,0,0,0,0,0,0,0,0,0,0,0,0,0,0,0,0,0,0,0,0,0,0,0,0,0,0,0,0,0,0,1,0,0,0,0,0,0,1,0,0,0,1,0,0
126,False,0.6974399637892197,27.43872689739703,233.73538851078928,101.32743605457536,2.959836685177249,0.9058510466729026,4.428548850111279,2.2692062058510465,1.9094716640325131,221.90492371705963,1.6407303481226099,1168.0444473115504,True,0.664165135708421,31.31285164469283,255.84557657914672,99.85969444007385,3.702700716913575,0.7877493510332545,3.862744734436736,2.1470455553329995,1.6882653663655587,223.9203729306146,2.0130722464069106,-115.0,0,0,0,0,0,0,0,0,0,0,0,0,0,0,1,0,0,0,0,0,0,0,0,0,0,0,0,0,0,0,0,0,0,0,0,0,0,0,1,0,0,0,0,0,0,0,0,0,0,0,0,0,0,0,0,0,0,0,0,0,0,0,0,0,0,0,0,0,0,1,0,0,0,0,0,0,0,0,0,0,0,0,0,0,0,0,0,0,0,0,0,0,0,0,0,0,0,0,1,0,0,0,1,0,0
19,False,0.6997619500473553,31.189715511402124,272.35165790407376,144.1335483662871,9.387344801386329,0.17387188336612586,1.8194577944069927,1.5230526078121471,1.952972293003903,271.35685417540236,3.9144378381241025,1200.450703157759,True,0.6622269373889534,32.17545368215951,284.7922588481418,116.10375725501447,1.559148013001124,0.9287431257719867,5.727639608424358,2.692683671811468,2.0276361995209062,249.6499950916397,1.1060083638925389,-115.0,0,1,0,0,0,0,0,0,0,0,0,0,0,0,0,0,0,0,0,0,0,0,0,0,0,0,0,0,0,0,0,0,0,0,0,0,0,0,0,0,0,0,0,0,0,0,0,0,0,0,0,0,0,0,0,0,0,0,0,0,0,0,0,1,0,0,0,0,0,0,0,0,0,0,0,1,0,0,0,0,0,0,0,0,0,0,0,0,0,0,0,0,0,0,0,0,0,1,0,0,0,1,0,0,0
92,True,0.7126850051881718,33.44664861825135,297.4714601062381,107.7771755997307,4.122520033784679,0.9313966932997458,4.930307085403027,2.1432827294712986,1.7183167005070354,275.2404940614466,4.328999093189919,1152.6963101217823,False,0.6767627624742903,27.432117591114917,230.33676385921075,93.9918087976873,0.6926312970447838,0.841034232559863,4.515557317837685,2.8645652875140653,1.9179308454285091,199.8939358540363,0.33040244840799976,-115.0,0,0,0,0,0,0,0,0,0,1,0,0,0,0,0,0,0,0,0,0,0,0,0,0,0,0,0,0,0,0,0,0,0,0,0,0,0,0,0,0,0,0,0,0,0,0,0,0,1,0,0,0,0,0,0,0,0,0,0,0,0,0,0,0,0,0,1,0,0,0,0,0,0,0,0,0,0,0,0,0,0,0,0,0,0,0,0,0,0,0,0,0,0,0,0,0,0,0,0,0,0,0,0,0,0
162,True,0.6226395211495567,39.284750168693286,280.21632129373637,122.26655441757397,-1.3159798739081119,0.6048475122961449,5.698313856134457,1.7297122278380017,1.5566055199731343,234.64477011401232,-3.331080108807186,1202.6160354706772,False,0.7448034717278994,26.386003943910236,229.66236516936425,88.88900030544195,0.3682488078264188,1.2644198265637205,4.431791376459842,2.1959787029040014,1.8341212539793432,218.6012239109702,5.470327062462634,-115.0,0,0,0,0,0,0,0,0,0,0,0,0,0,0,0,0,0,0,0,1,0,0,0,0,0,0,0,0,0,0,0,0,0,0,0,0,0,0,0,0,0,1,0,0,0,0,0,0,0,0,0,0,0,0,0,0,0,0,0,0,0,0,0,0,0,0,0,0,0,0,1,0,0,0,0,0,0,0,0,0,0,0,0,0,0,0,0,0,0,0,0,0,0,0,0,0,0,0,1,0,0,1,0,0,0
201,True,0.680522636717736,29.767441860465116,168.4485049833887,101.05980066445183,2.181041738717659,0.3289036544850499,4.0,2.0764119601328908,1.2691029900332225,180.13953488372093,-1.2708401670091571,1357.3189368770763,False,0.6767072149677584,34.551463697415805,245.73146440958672,132.46288806997063,0.4984720375531009,1.164209946994113,7.11028384876232,2.566874608128429,1.4518697207042393,236.09182222778105,1.7023698549797015,-123.0,0,0,0,0,0,0,0,0,0,0,0,0,0,0,0,0,0,0,0,0,0,0,0,0,0,1,0,0,0,0,0,0,0,0,0,0,0,0,0,0,0,0,0,0,0,0,0,0,0,0,0,0,0,0,0,0,0,0,0,0,0,0,0,0,0,0,0,0,0,0,0,0,0,0,0,0,0,0,0,0,0,0,0,0,0,0,0,0,0,0,0,0,1,0,0,0,0,0,0,0,0,0,1,0,0
63,False,0.6180305127349633,33.28068303196597,257.87155889180525,97.3534494425471,-10.544107620212424,0.8393683655869255,6.8256552786747635,4.281614738426471,0.6344363332331806,209.4149639674428,-3.568439795735021,1006.459799042478,True,0.6943584407485988,38.069000240034974,295.1235694208144,127.19724605355906,1.9183247069627067,1.3001646014550718,7.822078907624891,2.5679059741378114,1.9277266966002466,287.7893981544667,1.8294164213793143,-115.0,0,0,0,0,0,1,0,0,0,0,0,0,0,0,0,0,0,0,0,0,0,0,0,0,0,0,0,0,0,0,0,0,0,0,0,0,0,0,0,0,0,0,0,0,0,0,0,0,0,0,0,0,0,0,0,0,0,0,0,0,0,0,0,0,1,0,0,0,0,0,0,0,0,0,0,0,0,0,1,0,0,0,0,0,0,0,0,0,0,0,0,0,0,0,0,0,0,0,0,0,0,1,0,0,0
42,False,0.630834819204998,31.38863829536618,262.90376329160875,120.08977297781955,2.4174006515179207,0.6584319230652572,3.3398238136282408,1.5519536524321418,0.9741790815985797,236.85624476595197,-2.1471853432789425,1063.6464062449631,True,0.7098106824319727,31.523846727311454,232.1754624111911,143.85092563180237,8.740186470985696,0.9136383660120619,3.742621560701413,1.4030046352993635,2.334639002770391,253.02602836110347,3.8577113250033763,-118.0,0,0,0,0,0,0,0,1,0,0,0,0,0,0,0,0,0,0,0,0,0,0,0,0,0,0,0,0,0,0,0,0,0,0,0,0,0,0,0,0,1,0,0,0,0,0,0,0,0,0,0,0,0,0,0,0,0,0,0,0,0,0,0,0,0,0,0,0,0,0,0,1,0,0,0,0,0,0,0,0,0,0,0,0,0,0,0,0,0,0,0,0,0,0,0,0,0,0,1,0,0,1,0,0,0
216,True,0.6433762353614415,20.77326732673267,177.39356435643563,70.77797029702971,-3.8544648286729766,1.1490099009900991,4.04009900990099,1.8195544554455443,0.9509900990099012,158.9131188118812,-0.8317234140221438,1070.705693069307,False,0.6343754509938793,33.19183263020595,308.66258650164866,99.6397052698857,-4.656485122985417,0.9522991172523216,6.660651308118786,3.306672540634124,1.8697399352164745,227.03842646630423,-0.6873834798280031,-118.0,0,0,0,0,0,0,0,0,0,0,0,0,0,0,0,0,0,0,0,0,0,0,0,0,0,0,0,1,0,0,0,0,0,0,0,0,0,0,0,0,0,0,0,0,0,0,0,0,0,0,0,0,0,0,0,0,0,0,0,0,0,0,0,0,0,1,0,0,0,0,0,0,0,0,0,1,0,0,0,0,0,0,0,0,0,0,0,0,0,0,0,0,0,0,0,0,0,0,1,0,0,0,0,0,0
229,True,0.6630802944160294,34.155270989884386,320.5435006945634,90.62750906169545,7.432811545153156,0.1963275531715356,4.456201431400357,1.364709081118445,2.7467257318690264,256.97796017764176,2.1823459755015455,1139.2674959171536,False,0.6657228502133649,28.121793162997694,237.33305801972503,100.44387174982151,2.680727355461007,0.5321936809456276,4.192513901501645,1.9650876764740093,1.4059454911935823,208.36758796313558,0.14761372467502562,-115.0,0,0,0,0,0,0,0,0,0,0,0,0,0,0,0,0,0,0,0,0,0,0,0,0,0,0,0,0,0,1,0,0,0,0,0,0,0,0,0,0,0,0,0,0,0,0,0,0,0,0,0,1,0,0,0,0,0,0,0,0,0,0,0,0,0,0,0,0,0,0,0,0,0,0,0,0,0,0,0,0,0,0,0,0,0,0,0,1,0,0,0,0,0,0,0,0,0,1,0,0,0,0,0,1,0
56,True,0.7036073494969538,34.44917663671922,283.0426381520058,109.53313141372786,4.058812840654484,0.7263533240362177,4.493379511516506,1.8758609273730058,1.7845623992379864,245.78608278096291,2.694323682380006,1354.1129264954334,False,0.5951391095151621,31.568992444140555,279.1726573349872,97.93997358836732,-1.7550335961654957,0.7147620768621642,8.527603790039601,4.278814342057604,1.2574780059627402,225.51566380030513,-5.055109296761987,-115.0,0,0,0,0,1,0,0,0,0,0,0,0,0,0,0,0,0,0,0,0,0,0,0,0,0,0,0,0,0,0,0,0,0,0,0,0,0,0,0,0,0,0,0,0,0,0,0,1,0,0,0,0,0,0,0,0,0,0,0,0,0,0,0,0,0,0,0,0,0,0,0,0,0,0,1,0,0,0,0,0,0,0,0,0,0,0,0,0,0,0,0,0,0,0,0,0,0,0,0,0,1,0,0,0,0
20,False,0.668838767231312,35.48127861681988,321.90464725661417,135.18585490052436,0.07700082492634665,0.37293557311032594,3.308720187603517,2.1198974279597085,1.7233442522076345,260.9095940058495,0.6947270739859069,1204.679378724531,True,0.6747723724830015,29.037747199219407,254.0737375796639,103.65362102755962,3.669858301192251,0.6504589433779893,4.4575169907242325,1.7351071601349,1.718377822569934,220.8937186216102,2.323736858220975,-115.0,0,1,0,0,0,0,0,0,0,0,0,0,0,0,0,0,0,0,0,0,0,0,0,0,0,0,0,0,0,0,0,0,0,0,0,0,0,0,0,0,0,0,0,0,0,0,0,0,0,0,0,0,0,0,0,0,0,0,0,0,0,0,0,1,0,0,0,0,0,0,0,0,0,0,0,0,0,0,0,0,0,0,0,0,0,0,0,1,0,0,0,0,0,0,0,0,0,1,0,0,0,0,0,0,1
196,True,0.7207718106223631,30.123997568675126,214.59165506558696,94.48422579949414,5.475665474414933,0.6066939863924236,2.35413031117037,2.0333130722927,2.1584282661124288,207.3148369639811,4.718139123779656,1192.1718593753062,False,0.6366375649972984,29.689033622632873,242.0362541777733,104.14221101473841,-1.484837726015097,0.5850798748839157,4.968770103563663,2.6409780573395225,1.1136909762652152,202.20849241891983,-3.118755493337326,-115.0,0,0,0,0,0,0,0,0,0,0,0,0,0,0,0,0,0,0,0,0,0,0,0,0,0,0,0,0,0,0,0,0,0,0,0,1,0,0,0,0,0,0,0,0,0,0,0,0,0,0,0,0,0,0,1,0,0,0,0,0,0,0,0,0,0,0,0,0,0,0,0,0,0,0,0,0,0,0,0,0,0,0,1,0,0,0,0,0,0,0,0,0,0,0,0,0,0,0,1,0,0,0,1,0,0
109,False,0.7160039440138369,37.28689633536597,279.64524225015197,122.01501931334681,10.045558007099435,0.5415776161251741,4.375208329248446,1.37799258838062,2.359561577223977,272.1436050273524,5.339755059300957,1246.0804494029526,True,0.6929467599446305,30.529074679109044,240.51005884045367,101.56818552159177,5.2542782293666175,0.6335514996916517,2.8813841094672226,1.577685335744356,1.8553099917312672,229.78228548894282,4.4554295305046425,-115.0,0,0,0,0,0,0,0,0,0,0,0,0,1,0,0,0,0,0,0,0,0,0,0,0,0,0,0,0,0,0,0,0,0,0,0,0,0,0,0,0,0,0,0,1,0,0,0,0,0,0,0,0,0,0,0,0,0,0,0,0,0,0,0,0,0,0,0,0,0,1,0,0,0,0,0,0,0,0,0,0,0,0,0,0,0,0,0,0,0,0,0,0,0,0,0,0,0,0,1,0,0,0,1,0,0
30,True,0.6252937520366363,37.43172883506361,270.78001431155536,132.40235165430948,2.0347069105379565,0.3648916139753792,4.011993034372081,1.2899205274791519,1.549630370964708,231.0338478755937,-2.982759769042214,1247.8836263266785,False,0.6823820149169125,32.55746315608324,269.3082947778524,122.32642575954456,2.2160686596662256,0.5747957379688059,5.971555508264041,2.70526972651162,2.1553382497596503,258.6499135734951,5.577550735493801,-115.0,0,0,1,0,0,0,0,0,0,0,0,0,0,0,0,0,0,0,0,0,0,0,0,0,0,0,0,0,0,0,0,0,0,0,0,0,0,0,0,0,0,0,0,0,1,0,0,0,0,0,0,0,0,0,0,0,0,0,0,0,0,0,0,0,0,0,0,0,0,0,0,0,0,1,0,0,0,0,0,0,0,0,0,0,0,0,0,0,0,0,0,0,0,0,0,0,0,0,1,0,0,0,1,0,0
189,True,0.7060858266188367,31.442574257425743,232.5846534653465,155.659900990099,10.09873130070691,0.26955445544554457,3.6881188118811887,2.118316831683168,2.0599009900990097,258.6777227722772,8.873536654038004,1372.9502475247525,False,0.7036358297145515,32.68620026618868,224.22982231727752,150.01040057054723,5.228605311645428,0.9026785530343678,5.069175990800523,2.33936785951091,2.2899924728222096,254.4604166647856,2.3996345682823,-115.0,0,0,0,0,0,0,0,0,0,0,0,0,0,0,0,0,0,0,0,0,0,0,0,1,0,0,0,0,0,0,0,0,0,0,0,0,0,0,0,0,0,0,0,0,0,0,1,0,0,0,0,0,0,0,0,0,0,0,0,0,0,0,0,0,0,0,0,0,0,0,0,1,0,0,0,0,0,0,0,0,0,0,0,0,0,0,0,0,0,0,0,0,0,0,0,0,0,0,1,0,0,0,1,0,0
55,True,0.6763487867396984,33.32195593974777,265.59624068638516,97.95660258684643,-0.7440081926790681,0.6394832758120181,5.284911137631843,2.471359223300971,1.716171015708157,222.86153436764184,0.846239257278229,1169.3909379737447,False,0.669285602895568,32.72994355881033,275.66830520397593,95.66770264414299,3.043165295552949,0.06755574501857639,2.9771580351143245,1.363986582577681,1.7016483911192668,233.7345711336736,1.2828130562978248,-115.0,0,0,0,0,1,0,0,0,0,0,0,0,0,0,0,0,0,0,0,0,0,0,0,0,0,0,0,0,0,0,0,0,0,0,0,0,0,0,0,0,0,0,0,0,0,0,0,1,0,0,0,0,0,0,0,0,0,0,0,0,0,0,0,0,0,0,0,0,0,0,0,0,0,0,0,0,0,0,0,0,0,0,0,0,0,0,0,0,0,0,0,0,0,1,0,0,0,0,0,0,1,0,0,0,0
10,True,0.7185805367739228,28.10681708221785,191.79338289842923,137.63929135890075,6.262809950390721,0.8945150469309421,3.5867641841112157,1.0778489178466601,2.419665838789795,216.0264071218914,5.175506684864943,1101.482516208109,False,0.6906462862497943,36.34899117264912,259.72266683574344,103.10286581497223,1.772784841828417,0.393971024702109,7.0101097989045975,2.8747836724789155,1.6910002086894702,231.50575367965567,3.8949037396824306,-115.0,1,0,0,0,0,0,0,0,0,0,0,0,0,0,0,0,0,0,0,0,0,0,0,0,0,0,0,0,0,0,0,0,0,0,0,0,0,0,0,0,0,0,0,0,0,0,0,0,0,0,0,0,0,0,0,0,0,0,0,0,0,1,0,0,0,0,0,0,0,0,0,0,0,0,0,0,1,0,0,0,0,0,0,0,0,0,0,0,0,0,0,0,0,0,0,0,0,0,1,0,0,0,1,0,0
39,False,0.6415413299250998,28.979009129499183,187.36966358323969,95.89088806043335,-1.9859602289776044,0.5913685081312131,5.6573681455137805,1.4993021722634114,1.6243162328700327,177.3949071156667,2.0331283975323564,1178.243672931044,True,0.6862863590289011,36.28553823216746,256.1367274110628,100.35689021225002,0.022271567669404923,0.3223399293017255,6.644635290012853,2.897550277482749,1.7471819889277482,229.23198028335466,4.088972373760501,-115.0,0,0,0,1,0,0,0,0,0,0,0,0,0,0,0,0,0,0,0,0,0,0,0,0,0,0,0,0,0,0,0,0,0,0,0,0,0,0,0,1,0,0,0,0,0,0,0,0,0,0,0,0,0,0,0,0,0,0,0,0,0,0,0,0,0,0,0,0,0,0,0,0,0,0,0,0,1,0,0,0,0,0,0,0,0,0,0,0,0,0,0,0,0,0,0,0,0,0,1,0,0,0,1,0,0
86,True,0.7221417995750272,29.487225740671754,248.6820650575479,106.55553812670338,8.172649638741294,0.4697554949902943,3.8033175820081957,0.7556322425050489,1.2870728024940687,250.88947275543615,3.233525145710905,1038.9558440030587,False,0.6563468035551844,36.132227241294316,296.7785420811706,103.16711716495463,2.5888993669937537,0.628335385836693,4.686361835709225,2.0951614732790738,1.0177377478187521,253.30859939192678,-0.23196979600213377,-115.0,0,0,0,0,0,0,0,0,0,1,0,0,0,0,0,0,0,0,0,0,0,0,0,0,0,0,0,0,0,0,0,0,0,0,0,0,0,0,0,0,0,0,0,0,0,0,0,0,1,0,0,0,0,0,0,0,0,0,0,0,0,0,0,0,0,0,0,0,0,0,0,0,0,0,0,0,0,0,0,0,0,0,0,0,0,0,0,0,0,0,0,0,0,0,0,0,0,0,0,0,0,1,0,0,0
222,False,0.6169451982205714,33.430843917949446,281.6596149862469,99.7870826312098,-0.25460393147142607,0.3479360525651103,3.8055845533134005,1.4271672818422925,1.4175678489726953,234.43953667121824,-1.9655655936770389,1131.3702084615,True,0.6855976832262041,37.20321503671763,265.0827200255039,127.08245396973788,-0.6628560343484002,1.0191184522137255,6.6742842274183145,2.8595073050013453,1.6210401853274374,268.0904235579488,-0.32101062561379634,-115.0,0,0,0,0,0,0,0,0,0,0,0,0,0,0,0,0,0,0,0,0,0,0,0,0,0,0,0,0,1,0,0,0,0,0,0,0,1,0,0,0,0,0,0,0,0,0,0,0,0,0,0,0,0,0,0,0,0,0,0,0,0,0,0,0,0,0,0,0,0,0,0,0,0,0,0,0,0,0,1,0,0,0,0,0,0,0,0,0,0,0,0,0,0,0,0,0,0,0,0,0,0,0,0,0,0
18,True,0.685948856507878,34.063214446775554,284.053646006941,157.5133428756299,8.44697074026611,0.23487774749514714,2.1069782945432443,1.7065743808944924,1.9364718338856102,276.74506382227804,2.666977100041715,1314.6405364600696,False,0.6854483435049246,33.460779884148764,261.726727526927,94.63940765359635,3.6941977400475645,0.100916606756145,2.867112620355966,1.272128104838264,1.8259192015485342,226.81337169351238,1.833380322183048,-115.0,0,1,0,0,0,0,0,0,0,0,0,0,0,0,0,0,0,0,0,0,0,0,0,0,0,0,0,0,0,0,0,0,0,0,0,0,0,0,0,0,0,0,0,0,0,0,0,0,0,0,0,0,0,0,0,0,0,0,0,0,0,0,0,1,0,0,0,0,0,0,0,0,0,0,0,0,0,0,0,0,0,0,0,0,0,0,0,0,0,0,0,0,0,1,0,0,0,0,1,0,0,0,1,0,0
174,False,0.686285990302122,34.65739887453187,258.623791690359,103.547420638811,-5.015261195836842,0.9490009999803927,8.504735201270565,3.2793082488578658,1.4145212838963945,231.9452363679144,-0.20518359008617187,1308.8345914785984,True,0.7118139880206954,30.391581332615573,202.4612964891731,113.13703565356703,3.88901783676472,0.43169463431497085,4.272705813675363,2.3525991408734312,1.8015519398947122,229.70440380375854,4.302954941248754,-115.0,0,0,0,0,0,0,0,0,0,0,0,0,0,0,0,0,0,0,0,0,0,1,0,0,0,0,0,0,0,0,0,0,0,0,0,0,0,0,0,0,0,0,0,0,0,0,0,0,0,0,0,0,1,0,0,0,0,0,0,0,0,0,0,0,0,0,0,0,0,0,0,0,0,0,0,0,0,0,0,0,0,0,0,0,1,0,0,0,0,0,0,0,0,0,0,0,0,0,1,0,0,0,1,0,0
235,True,0.6521899830006878,36.57477304366581,320.70004509715494,127.88364934020903,5.48445515456764,0.44430501362718383,5.642379561185074,1.1909766475167152,1.7046332424854413,260.3455422442697,1.1806914608365566,1302.9071978980805,False,0.646425512535853,32.65888783375051,313.85720525883994,102.34903664501769,-1.5549489068256688,1.1351304870546506,6.333781743629771,2.6243911544362386,1.8115553549699963,248.01666066755965,-0.3508753153539444,-115.0,0,0,0,0,0,0,0,0,0,0,0,0,0,0,0,0,0,0,0,0,0,0,0,0,0,0,0,0,0,0,1,0,0,0,0,0,0,0,0,0,0,0,0,0,0,0,0,0,0,0,1,0,0,0,0,0,0,0,0,0,0,0,0,0,0,0,0,0,0,0,0,0,0,0,0,1,0,0,0,0,0,0,0,0,0,0,0,0,0,0,0,0,0,0,0,0,0,0,1,0,0,0,1,0,0
215,True,0.6433762353614415,20.77326732673267,177.39356435643563,70.77797029702971,-3.8544648286729766,1.1490099009900991,4.04009900990099,1.8195544554455443,0.9509900990099012,158.9131188118812,-0.8317234140221438,1070.705693069307,False,0.6343754509938793,33.19183263020595,308.66258650164866,99.6397052698857,-4.656485122985417,0.9522991172523216,6.660651308118786,3.306672540634124,1.8697399352164745,227.03842646630423,-0.6873834798280031,-115.0,0,0,0,0,0,0,0,0,0,0,0,0,0,0,0,0,0,0,0,0,0,0,0,0,0,0,0,1,0,0,0,0,0,0,0,0,0,0,0,0,0,0,0,0,0,0,0,0,0,0,0,0,0,0,0,0,0,0,0,0,0,0,0,0,0,1,0,0,0,0,0,0,0,0,0,1,0,0,0,0,0,0,0,0,0,0,0,0,0,0,0,0,0,0,0,0,0,0,1,0,0,0,0,0,0
120,False,0.7207040024150817,27.879512184073803,160.19018612572512,125.13393022421758,-1.2232213516379626,1.195448997899507,4.384534431181068,2.289339916092355,1.5722988140479928,200.52596171807073,-0.648723817632194,1087.1999683618492,True,0.5914774510722365,33.10190290884228,288.59581054680774,92.67816020866418,-1.9072412120815172,0.5848053356144979,8.068039464577854,4.2281208253198574,1.0288456412422418,223.78554310934055,-6.288113730487258,-115.0,0,0,0,0,0,0,0,0,0,0,0,0,0,1,0,0,0,0,0,0,0,0,0,0,0,0,0,0,0,0,0,0,0,0,0,0,0,0,0,0,0,0,0,0,0,0,0,0,0,0,0,0,0,1,0,0,0,0,0,0,0,0,0,0,0,0,0,0,0,0,0,0,0,0,1,0,0,0,0,0,0,0,0,0,0,0,0,0,0,0,0,0,0,0,0,0,0,0,1,0,0,0,1,0,0
111,False,0.7159506682599228,34.88303887555407,245.47484181732543,127.90100231212821,10.876249427406577,0.3043077074158802,3.8165283637969614,1.0152417655851032,2.6401432733309846,267.9843733104319,4.504091838358812,1184.950934433572,True,0.5792440923996689,31.25099076506068,282.9888034094288,102.37107883022675,-2.444889088679541,0.4291536494982004,8.644849076715069,4.785217529181517,1.3146953406211268,220.96358908926183,-5.875149662820655,-115.0,0,0,0,0,0,0,0,0,0,0,0,0,1,0,0,0,0,0,0,0,0,0,0,0,0,0,0,0,0,0,0,0,0,0,0,0,0,0,0,0,0,0,0,1,0,0,0,0,0,0,0,0,0,0,0,0,0,0,0,0,0,0,0,0,0,0,0,0,0,0,0,0,0,0,1,0,0,0,0,0,0,0,0,0,0,0,0,0,0,0,0,0,0,0,0,0,0,0,1,0,0,0,1,0,0
178,True,0.7068319259436644,34.38165991986139,284.0672723562838,110.89157515015113,2.4359256562950464,1.0091600877073303,9.506886005423437,3.331222213698728,2.1248087515617056,266.2015485924767,4.416967511923401,1427.2856195202123,False,0.7009616465034083,39.81990263624308,285.6617519661166,135.68577529108043,2.7686326241638866,1.0185266431704072,7.0759865333417356,3.141404918944086,1.8082409493445504,300.5285041766535,3.8082787045900033,-115.0,0,0,0,0,0,0,0,0,0,0,0,0,0,0,0,0,0,0,0,0,0,1,0,0,0,0,0,0,0,0,0,0,0,0,0,0,0,0,0,0,0,0,0,0,0,0,0,0,0,0,0,0,1,0,0,0,0,0,0,0,0,0,0,0,0,0,0,0,0,0,0,0,0,0,0,0,0,0,0,0,0,0,0,0,0,0,0,0,0,0,0,1,0,0,0,0,0,1,0,0,0,0,0,0,0
101,True,0.7872574308780461,26.030277185227252,226.93080853104652,90.40331173222029,9.559388825680108,0.3667581915959731,5.522591134219545,3.7074341249331053,2.0747495682734955,254.02030148939807,16.052266504295922,1204.323890539936,False,0.6763608423515591,27.30592150025156,212.6338224945909,90.21221075272892,0.7523879453055428,0.8057085064620546,4.18568116624606,2.167802018072746,1.8996932555237331,186.759254932711,-0.7800780555766926,-115.0,0,0,0,0,0,0,0,0,0,0,1,0,0,0,0,0,0,0,0,0,0,0,0,0,0,0,0,0,0,0,0,0,0,0,0,0,0,0,0,0,0,0,0,0,0,0,0,0,0,0,0,0,0,0,0,0,1,0,0,0,0,0,0,0,0,0,1,0,0,0,0,0,0,0,0,0,0,0,0,0,0,0,0,0,0,0,0,0,0,0,0,0,0,0,0,0,0,0,1,0,0,1,0,0,0
183,False,0.6601418760525886,29.113291896237328,251.96815748710807,81.2922295641262,-0.7588679404079312,0.0,4.597752985235584,3.403992078586694,1.6204192074665205,189.7799454912649,2.8178967285833147,963.0030783710124,True,0.6673924687481367,35.220713769445325,271.90944023133346,106.0546846928066,2.9926221186596873,0.6003845043928958,5.492125813559944,1.7601971823887632,1.3197612683148274,247.8366305655113,0.2157294568820349,-115.0,0,0,0,0,0,0,0,0,0,0,0,0,0,0,0,0,0,0,0,0,0,0,1,0,0,0,0,0,0,0,0,0,0,0,0,0,0,0,0,0,0,0,0,0,0,0,0,0,0,0,0,0,0,0,0,0,0,0,0,0,1,0,0,0,0,0,0,0,0,0,0,0,0,0,0,0,0,0,0,0,0,0,0,0,0,0,0,0,1,0,0,0,0,0,0,0,0,0,1,0,0,1,0,0,0
141,True,0.6239091176822703,27.29771965255583,231.4621674084822,86.69082959157664,1.231157139638754,0.23487774749514714,3.32297405933217,2.4858140036469867,1.6269877061234095,200.1550753906786,-1.5738448319251679,1045.3446010862533,False,0.661904593395923,38.358865741325396,289.7937393614711,135.10463825060293,0.5399723807170373,0.9026966369939466,7.1121215990526325,3.4562710404979593,1.5725508665760883,251.86110550074935,-0.1345233239538654,-115.0,0,0,0,0,0,0,0,0,0,0,0,0,0,0,0,0,1,0,0,0,0,0,0,0,0,0,0,0,0,0,0,0,0,0,0,0,0,0,0,0,0,0,0,0,0,0,0,0,0,0,0,0,0,0,0,0,0,0,0,0,0,0,0,0,0,1,0,0,0,0,0,0,0,0,0,0,0,0,0,0,0,0,0,0,0,0,0,0,0,0,0,0,1,0,0,0,0,0,1,0,0,0,1,0,0
264,False,0.6113008293339149,37.51825335370122,325.79254351919263,101.2883447874288,-3.3312910028085425,0.5182628747891249,7.200214741337206,3.85498022946094,1.265863594637778,241.5807663686884,-4.5867657237062245,1310.445490751555,True,0.6941877845215487,33.206384939223916,239.2210059836394,114.19330261761012,4.473097385365917,0.4737951069461099,4.3509225970715635,2.1932355931955247,1.7152181124061476,243.75317833521686,1.5676523195467476,-115.0,0,0,0,0,0,0,0,0,0,0,0,0,0,0,0,0,0,0,0,0,0,0,0,0,0,0,0,0,0,0,0,0,0,1,0,0,0,0,0,0,0,0,0,0,0,0,0,0,0,1,0,0,0,0,0,0,0,0,0,0,0,0,0,0,0,0,0,0,0,0,0,0,0,0,0,0,0,0,0,0,0,0,0,1,0,0,0,0,0,0,0,0,0,0,0,0,0,1,0,0,0,0,1,0,0
214,False,0.5909892915689271,17.222591362126245,184.95681063122922,45.611295681063126,-2.110405398365668,0.7308970099667775,4.059800664451827,1.7308970099667773,0.9269102990033223,132.3388704318937,-1.7931278290542658,950.6777408637874,True,0.7094454163104063,26.926544169177607,182.49168622233609,99.6441903175595,-1.5691629608710222,0.5546893450251268,5.447836148151233,2.1912674567143537,1.0579040278911642,186.2527253813304,4.366780215895421,-115.0,0,0,0,0,0,0,0,0,0,0,0,0,0,0,0,0,0,0,0,0,0,0,0,0,0,0,0,1,0,0,0,0,0,0,0,0,0,0,0,0,0,0,0,0,0,0,0,0,0,0,0,0,0,0,0,0,0,0,0,0,0,0,0,0,0,1,0,0,0,0,0,0,0,0,0,0,0,0,0,0,1,0,0,0,0,0,0,0,0,0,0,0,0,0,0,0,0,0,1,0,0,0,1,0,0
90,True,0.7232681047466367,30.23760718194704,260.67219764799205,116.76104640020587,8.611095764187715,0.4611004391805825,4.524743607303545,0.8626919026275619,1.5994124672661598,252.16460029588822,3.8044803502189906,1027.2995901443683,False,0.7629444404794266,26.954571318076802,176.07661663200824,100.98828398859737,4.930395551412112,0.5095683845609442,4.568056155865663,2.109626051365727,1.3754475551803864,214.3396918498261,7.6937868506343845,-115.0,0,0,0,0,0,0,0,0,0,1,0,0,0,0,0,0,0,0,0,0,0,0,0,0,0,0,0,0,0,0,0,0,0,0,0,0,0,0,0,0,0,0,0,0,0,0,0,0,1,0,0,0,0,0,0,0,0,0,0,0,0,0,0,0,0,0,0,0,0,0,0,0,0,0,0,0,0,0,0,0,0,0,0,0,0,0,0,0,0,0,0,0,0,0,0,1,0,0,0,0,0,1,0,0,0
128,False,0.7277638743948625,25.540622381972188,188.902300829083,119.45442603724102,5.352372136837938,0.5311501763797737,4.106505912948619,2.3853551901978234,1.5332731430156508,222.56471924701668,3.825020553169529,1121.366891690584,True,0.7259490116082125,28.387621414062615,203.13670966911175,104.80268362291189,3.5552443446831328,0.19345321328737944,4.299243415307975,1.9096648427887837,1.7337601446382902,206.17147690434118,6.49151655232712,-115.0,0,0,0,0,0,0,0,0,0,0,0,0,0,0,1,0,0,0,0,0,0,0,0,0,0,0,0,0,0,0,0,0,0,0,0,0,0,0,1,0,0,0,0,0,0,0,0,0,0,0,0,0,0,0,0,0,0,0,0,0,0,0,0,0,0,0,0,0,0,0,0,0,0,0,0,0,0,0,0,0,0,0,0,0,1,0,0,0,0,0,0,0,0,0,0,0,0,0,1,0,0,0,0,0,0
103,True,0.5366666644811631,18.3,158.60000000000002,17.05,-2.795179009437561,0.0,2.1,1.1,0.0,85.7,-9.843759536743164,1258.3000000000002,False,0.6643001974607045,34.93735987929848,301.6438665599743,121.02491070993975,4.093630956601401,0.9026245160275354,4.137100457339465,1.339396328292179,2.517816262102581,260.31300108473346,1.04143915830705,-115.0,0,0,0,0,0,0,0,0,0,0,0,1,0,0,0,0,0,0,0,0,0,0,0,0,0,0,0,0,0,0,0,0,0,0,0,0,0,0,0,0,0,0,0,0,0,0,0,1,0,0,0,0,0,0,0,0,0,0,0,0,0,0,0,0,0,0,0,0,0,0,0,0,0,0,0,0,0,0,0,1,0,0,0,0,0,0,0,0,0,0,0,0,0,0,0,0,0,0,0,0,0,0,0,0,0
230,False,0.682854946326139,33.66493645284725,320.1923468479996,93.89732001511162,8.435181798323931,0.15166208866901215,4.352413407197714,1.509240826804122,3.031851667739173,262.4430900059868,4.57057257097683,1217.695801955915,True,0.6977079432675675,33.56302006829451,274.27382414481036,100.12466044773208,5.20253665213883,0.1939835979049975,2.8359487673079364,1.276718290816464,1.8002770221542197,238.5000021638641,2.8048725928075213,-115.0,0,0,0,0,0,0,0,0,0,0,0,0,0,0,0,0,0,0,0,0,0,0,0,0,0,0,0,0,0,1,0,0,0,0,0,0,0,0,0,0,0,0,0,0,0,0,0,0,0,0,0,1,0,0,0,0,0,0,0,0,0,0,0,0,0,0,0,0,0,0,0,0,0,0,0,0,0,0,0,0,0,0,0,0,0,0,0,0,0,0,0,0,0,1,0,0,0,0,1,0,0,0,0,0,0
127,True,0.6815700984851701,25.405332706936427,205.36588942398916,104.86293455435393,4.100420562605243,0.6875773333364164,3.84336613438798,2.204338324514312,1.6903255273560582,207.71120336894177,-0.4799117428275794,1127.0705663591943,False,0.7168189769812414,27.12171795659986,178.76592509100223,103.70888298709414,-2.630073251526975,0.8174731004751038,5.184593212123736,2.156491555493562,1.0473760228200435,191.11586622108854,3.7773718734190513,-115.0,0,0,0,0,0,0,0,0,0,0,0,0,0,0,1,0,0,0,0,0,0,0,0,0,0,0,0,0,0,0,0,0,0,0,0,0,0,0,1,0,0,0,0,0,0,0,0,0,0,0,0,0,0,0,0,0,0,0,0,0,0,0,0,0,0,0,0,0,0,0,0,0,0,0,0,0,0,0,0,0,1,0,0,0,0,0,0,0,0,0,0,0,0,0,0,0,0,0,1,1,0,0,0,0,0
177,False,0.7146900878044206,36.15615350363921,276.57831916893696,112.80785650008734,2.603404479863002,1.0117071549386805,9.369770015158295,2.58913800398057,2.159513253466655,270.7065746179373,3.8446526267171146,1440.9900501400487,True,0.7473944266563239,27.690103805699202,192.60814088073403,102.62677780885238,6.1660711124990275,0.4169195873680452,4.646591400253724,2.271512223844686,1.6708207269657709,224.8233842407668,7.592366926558859,-115.0,0,0,0,0,0,0,0,0,0,0,0,0,0,0,0,0,0,0,0,0,0,1,0,0,0,0,0,0,0,0,0,0,0,0,0,0,0,0,0,0,0,0,0,0,0,0,0,0,0,0,0,0,1,0,0,0,0,0,0,0,0,0,0,0,0,0,0,0,0,0,0,0,0,0,0,0,0,0,0,0,0,0,0,0,0,0,0,0,0,0,0,0,0,0,0,1,0,0,1,0,0,0,1,0,0
73,False,0.6165999354455591,29.60729284262813,247.9529061703706,118.53100506402606,2.8356350963940002,0.55,3.13024868561107,1.7271731767893432,1.2834354739863882,221.57284940167082,-5.3329749258238275,1008.6147308325,True,0.6833814997734022,32.747771580558016,258.757906146711,95.89186403908874,4.241857315226351,0.26888640720711143,4.5486775143204135,1.8790937762675641,1.9855944371381005,232.58038456492224,5.499046760496026,-115.0,0,0,0,0,0,0,0,1,0,0,0,0,0,0,0,0,0,0,0,0,0,0,0,0,0,0,0,0,0,0,0,0,0,0,0,0,0,0,0,0,1,0,0,0,0,0,0,0,0,0,0,0,0,0,0,0,0,0,0,0,0,0,0,0,0,0,0,1,0,0,0,0,0,0,0,0,0,0,0,0,0,0,0,0,0,0,0,0,0,0,0,0,0,0,0,0,0,0,1,0,0,0,1,0,0
262,True,0.6568928127994618,31.450795082449368,243.6839081586635,100.5385384600302,0.18249987821967373,0.9223544636379679,3.535773808356699,1.4027960236073804,1.1222917197702007,212.48281406246937,-2.043286485653625,1187.6775945569696,False,0.7157698880818628,34.93114511975769,246.63015386096302,143.99581763361672,4.565886150984268,1.0768678157563896,5.834156956609487,2.7927011839537417,1.6330698130334163,256.70609587148977,4.119615326380698,-115.0,0,0,0,0,0,0,0,0,0,0,0,0,0,0,0,0,0,0,0,0,0,0,0,0,0,0,0,0,0,0,0,0,0,1,0,0,0,0,0,0,0,0,0,0,0,0,0,0,0,1,0,0,0,0,0,0,0,0,0,0,0,0,0,0,0,0,0,0,0,0,0,0,0,0,0,0,0,0,0,0,0,0,0,0,0,0,0,0,0,0,0,0,1,0,0,0,0,0,1,0,0,0,1,0,0
132,False,0.5488515501860345,29.580940594059406,253.66287128712878,96.9769801980198,3.8284150961011942,0.22054455445544557,9.235643564356437,3.705693069306931,1.6391089108910892,231.76782178217823,-7.3727270763699355,1415.80198019802,True,0.6800864447959996,35.202708333811685,259.83124129574907,123.44924947776603,0.1999825314387175,0.9203881575405019,6.728099490133972,3.555130851316512,1.2866325271986174,233.88635904606764,0.6175118914132353,-115.0,0,0,0,0,0,0,0,0,0,0,0,0,0,0,0,1,0,0,0,0,0,0,0,0,0,0,0,0,0,0,0,0,0,0,0,0,0,0,0,0,0,0,0,0,0,0,0,0,0,0,0,0,0,0,0,0,0,0,0,0,0,0,0,0,0,0,0,0,0,0,0,0,0,0,0,0,0,0,0,0,0,0,0,0,0,0,0,0,0,0,0,0,1,0,0,0,0,0,1,0,0,0,0,0,0
147,False,0.6099961255151446,29.050495049504953,269.65693069306934,111.26064356435643,-0.028389012223423295,0.7705445544554456,5.810148514851485,2.9797029702970295,1.8794554455445547,210.37846534653465,-4.836011347595123,1143.7730198019804,True,0.6297624035568178,34.424399683672284,304.2866549418942,102.88109830039605,-1.631828771639493,0.9210019286560386,5.548492010895849,2.0847352138216375,1.1021839635257533,239.30680517741504,-2.309692946617278,-115.0,0,0,0,0,0,0,0,0,0,0,0,0,0,0,0,0,0,1,0,0,0,0,0,0,0,0,0,0,0,0,0,0,0,0,0,0,0,0,0,0,0,0,0,0,0,0,0,0,0,0,0,0,0,0,0,0,0,0,1,0,0,0,0,0,0,0,0,0,0,0,0,0,0,0,0,0,0,0,0,0,0,0,0,0,0,0,0,0,0,0,1,0,0,0,0,0,0,0,1,0,0,0,1,0,0
227,False,0.6777773507319091,37.51210760573322,334.45614791866825,111.31111154683244,9.12512382924614,0.34940491362914455,5.513636987510049,1.7270445677535735,2.3933060136075763,315.7894355012647,1.8273915574704007,1167.9352561714477,True,0.6899449120172231,34.24727637623758,265.37077417931346,103.20116715888624,4.97128238019717,0.3286389421420251,5.115050295280506,1.8522257265492452,2.2046154231687893,244.04269224601606,6.565218794639661,-115.0,0,0,0,0,0,0,0,0,0,0,0,0,0,0,0,0,0,0,0,0,0,0,0,0,0,0,0,0,0,1,0,0,0,0,0,0,0,0,0,0,0,0,0,0,0,0,0,0,0,0,0,1,0,0,0,0,0,0,0,0,0,0,0,0,0,0,0,1,0,0,0,0,0,0,0,0,0,0,0,0,0,0,0,0,0,0,0,0,0,0,0,0,0,0,0,0,0,0,1,0,0,0,1,0,0
85,True,0.7221417995750272,29.487225740671754,248.6820650575479,106.55553812670338,8.172649638741294,0.4697554949902943,3.8033175820081957,0.7556322425050489,1.2870728024940687,250.88947275543615,3.233525145710905,1038.9558440030587,False,0.6563468035551844,36.132227241294316,296.7785420811706,103.16711716495463,2.5888993669937537,0.628335385836693,4.686361835709225,2.0951614732790738,1.0177377478187521,253.30859939192678,-0.23196979600213377,-115.0,0,0,0,0,0,0,0,0,0,1,0,0,0,0,0,0,0,0,0,0,0,0,0,0,0,0,0,0,0,0,0,0,0,0,0,0,0,0,0,0,0,0,0,0,0,0,0,0,1,0,0,0,0,0,0,0,0,0,0,0,0,0,0,0,0,0,0,0,0,0,0,0,0,0,0,0,0,0,0,0,0,0,0,0,0,0,0,0,0,0,0,0,0,0,0,0,0,0,0,0,0,1,0,0,0
65,False,0.699999988079071,20.0,181.0,81.0,9.443550109863281,0.0,4.0,3.0,2.0,173.0,3.8360648155212402,832.0,True,0.7341534836586145,31.500976129478616,214.58041314662464,110.65609572395454,4.584778883066093,0.8458184627891618,5.672351897258545,2.4615557181470296,1.7784045984333208,252.67337509787157,6.786828573131918,-115.0,0,0,0,0,0,0,1,0,0,0,0,0,0,0,0,0,0,0,0,0,0,0,0,0,0,0,0,0,0,0,0,0,0,0,0,0,0,0,0,0,0,0,0,0,0,0,0,0,0,0,0,0,0,0,0,1,0,0,0,0,0,0,0,0,0,0,0,0,0,0,0,0,0,0,0,0,0,0,0,0,0,0,0,0,0,0,0,0,0,0,0,1,0,0,0,0,0,0,1,0,0,0,1,0,0
243,False,0.7417882651189633,23.352159468438536,203.687707641196,80.73089700996677,5.059926761741258,0.6578073089700998,3.9734219269102993,0.9269102990033223,1.461794019933555,225.02657807308972,14.344842587594574,817.970099667774,True,0.6765250640097537,37.87653699008163,276.32350113360053,110.55828613530258,1.2286719552973264,0.6670195269906153,5.247528174331065,1.9199325711946658,1.2981020677292472,252.64617933855726,0.7269668313210021,-115.0,0,0,0,0,0,0,0,0,0,0,0,0,0,0,0,0,0,0,0,0,0,0,0,0,0,0,0,0,0,0,0,1,0,0,0,0,0,0,0,0,0,0,0,0,0,0,0,0,0,0,0,0,0,0,0,0,0,0,0,0,0,0,1,0,0,0,0,0,0,0,0,0,0,0,0,0,0,0,0,0,0,0,0,0,0,0,0,0,0,0,0,0,0,0,0,0,0,0,0,0,0,0,1,0,0
7,True,0.6806773194838996,27.11295681063123,145.39534883720933,132.98338870431894,0.29572703751218626,1.0598006644518274,5.39202657807309,2.06312292358804,2.2093023255813953,188.30564784053155,1.4158485545668489,1072.6777408637874,False,0.6910624293916475,30.02607824507286,216.07698948723706,94.85223423459188,-7.8928752185460205,0.9126815806604719,5.841144579879856,2.6659138412352945,1.0895376582410699,204.7390619123741,-0.7777536960545771,-115.0,1,0,0,0,0,0,0,0,0,0,0,0,0,0,0,0,0,0,0,0,0,0,0,0,0,0,0,0,0,0,0,0,0,0,0,0,0,0,0,0,0,0,0,0,0,0,0,0,0,0,0,0,0,0,0,0,0,0,0,0,0,1,0,0,0,0,0,0,0,0,0,0,0,0,0,0,0,0,0,0,0,0,0,0,0,1,0,0,0,0,0,0,0,0,0,0,0,0,1,0,0,0,1,0,0
117,True,0.7212406595754465,29.732318974137765,242.35038528656304,114.44901080370973,-4.8272111372714805,1.8791200172545635,5.215113429148448,3.095429501382326,1.1749181388600223,223.34232662104668,0.151417671944594,1190.35562047803,False,0.7190187614233554,28.858063327003613,196.63297052435803,107.45163410642324,4.108973137323572,0.5389848707638797,4.181911047651175,1.6205524964846034,1.2892488169978613,217.9642310349254,3.917283489363713,-115.0,0,0,0,0,0,0,0,0,0,0,0,0,0,1,0,0,0,0,0,0,0,0,0,0,0,0,0,0,0,0,0,0,0,0,0,0,0,0,0,0,0,0,0,0,0,0,0,0,0,0,0,0,0,1,0,0,0,0,0,0,0,0,0,0,0,0,0,0,0,0,0,0,0,0,0,0,0,0,0,0,0,0,0,0,0,0,0,0,0,0,0,0,0,0,0,1,0,1,0,0,0,0,1,0,0
44,True,0.7171078242301225,26.81027803760926,265.4937957617005,92.21073444505372,11.224771325514324,0.44529722930039034,3.391702415895236,1.1093684482146888,2.0606860626390997,270.79781472760703,11.667228361707663,918.386478727865,False,0.626794395814945,28.390852877326953,244.58541751695483,98.67455292206412,-5.841289952306401,1.254073533648479,5.1705176087643645,2.3657334970198467,0.7829467419630577,199.60994818192657,-6.626330064195733,-118.0,0,0,0,0,0,0,0,0,0,0,0,0,0,0,0,0,0,0,0,0,0,0,0,0,0,0,0,0,0,0,0,1,0,0,0,0,0,0,0,0,0,0,0,0,0,0,0,0,0,0,0,0,0,0,0,0,0,0,0,0,0,0,1,0,0,0,0,0,0,0,0,0,0,0,0,0,0,1,0,0,0,0,0,0,0,0,0,0,0,0,0,0,0,0,0,0,0,0,1,0,0,1,0,0,0
8,True,0.7259789235816144,25.428465346534654,121.54430693069308,137.27178217821782,1.4501408578735766,0.7106435643564357,4.6039603960396045,2.0423267326732675,1.810891089108911,192.15841584158414,4.10914285867521,1030.2841584158416,False,0.6725117388029105,28.92149044944337,236.8598898726744,102.11545504297372,3.8110990175658217,0.3543501434229714,5.3469641602785405,2.4510861414703573,1.9161978204752232,211.0930224950568,3.25768838126079,-115.0,1,0,0,0,0,0,0,0,0,0,0,0,0,0,0,0,0,0,0,0,0,0,0,0,0,0,0,0,0,0,0,0,0,0,0,0,0,0,0,0,0,0,0,0,0,0,0,0,0,0,0,0,0,0,0,0,0,0,0,0,0,1,0,0,0,0,0,0,0,0,0,0,1,0,0,0,0,0,0,0,0,0,0,0,0,0,0,0,0,0,0,0,0,0,0,0,0,0,1,0,0,0,1,0,0
54,False,0.7455334415499087,28.17191819768239,210.01762710535087,94.08184153251898,3.7402080423806106,0.5129899413736985,4.6831434677751425,2.285876747514755,1.9674516185957138,220.70775082841513,6.110525607486578,1236.543656006745,True,0.7025130237655594,36.21639146161993,259.97012588624244,140.90566897295912,3.665389471044567,0.8810736674370458,7.137037509953218,3.557664605053062,1.6997843924818858,256.9413511675825,2.9816766083695403,-115.0,0,0,0,0,1,0,0,0,0,0,0,0,0,0,0,0,0,0,0,0,0,0,0,0,0,0,0,0,0,0,0,0,0,0,0,0,0,0,0,0,0,0,0,0,0,0,0,1,0,0,0,0,0,0,0,0,0,0,0,0,0,0,0,0,0,0,0,0,0,0,0,0,0,0,0,0,0,0,0,0,0,0,0,0,0,0,0,0,0,0,0,0,1,0,0,0,0,0,1,0,0,1,0,0,0
238,False,0.7107864346076102,34.239545715844116,251.01078093930988,150.64169260372412,11.475371652965158,0.6478638994453169,5.05696595034468,1.8424978588793697,2.4377353598250124,273.40543154671565,5.29007809563115,1390.3535325688501,True,0.673044469317227,27.62264716489195,203.03708871123726,89.41175302139527,-1.6318588145942425,0.5101498215091879,5.303358672538285,3.2410312777699457,0.9880748971825164,202.8092431694015,2.3134278788422273,-115.0,0,0,0,0,0,0,0,0,0,0,0,0,0,0,0,0,0,0,0,0,0,0,0,0,0,0,0,0,0,0,1,0,0,0,0,0,0,0,0,0,0,0,0,0,0,0,0,0,0,0,1,0,0,0,0,0,0,0,0,0,0,0,0,0,0,0,0,0,1,0,0,0,0,0,0,0,0,0,0,0,0,0,0,0,0,0,0,0,0,0,0,0,0,0,0,0,0,0,1,1,0,0,0,0,0
205,False,0.7450060571928319,23.25799494127566,204.9748632379757,84.72994647163782,6.479083424561051,0.23487774749514714,4.854100899982353,3.3529734711084096,2.84590498225525,210.6995745181467,11.522213618434325,913.4409913531107,True,0.7141332954533195,29.085084192543402,216.3691883455046,104.67769575673803,1.9734524235632416,0.4833930534825625,6.240046608200669,2.911323409423741,1.8551769885407534,235.36682707256574,2.8972514518333248,-115.0,0,0,0,0,0,0,0,0,0,0,0,0,0,0,0,0,0,0,0,0,0,0,0,0,0,0,1,0,0,0,0,0,0,0,0,0,0,1,0,0,0,0,0,0,0,0,0,0,0,0,0,0,0,0,0,0,0,0,0,0,0,0,0,0,0,0,0,0,0,0,0,0,0,0,0,0,0,0,0,0,0,0,0,0,0,1,0,0,0,0,0,0,0,0,0,0,0,1,0,0,0,0,0,0,0
253,True,0.7039681915093834,30.965030948296278,268.345737633365,82.41348697467569,-3.902006115703713,0.8308596413460589,4.506687816176629,2.307351191176509,1.1482214403746631,211.1151370200165,2.5717344141237835,1019.415455663626,False,0.6989551130245928,32.44338277898755,247.47794312177797,134.2869206712647,0.6659449066766028,0.7363846160196711,6.229513059542744,2.988549345660525,1.5327824390545053,257.7316383225652,3.2101039938210527,-110.0,0,0,0,0,0,0,0,0,0,0,0,0,0,0,0,0,0,0,0,0,0,0,0,0,0,0,0,0,0,0,0,0,1,0,0,0,0,0,0,0,0,0,0,0,0,0,0,0,0,0,0,0,0,0,0,0,0,1,0,0,0,0,0,0,0,0,0,0,0,0,0,0,0,0,0,0,0,0,0,0,0,0,0,0,0,0,0,0,0,0,0,0,0,0,1,0,0,1,0,0,0,0,0,0,1
176,True,0.7042910906417162,39.73621921135197,297.36408993837273,123.94251439146444,-0.04836908759410541,1.0151549876695112,9.773176130197342,2.7626429506341115,1.9119844789945084,283.578443087221,2.29348241364138,1507.5455792840714,False,0.7166081921731037,28.065372682688288,209.81076283711178,101.40742205636172,-0.7528596611103009,0.49988345026407494,4.556119007312108,2.5465448461762055,1.5614372297954469,224.01711204667222,2.986423609477706,-115.0,0,0,0,0,0,0,0,0,0,0,0,0,0,0,0,0,0,0,0,0,0,1,0,0,0,0,0,0,0,0,0,0,0,0,0,0,0,0,0,0,0,0,0,0,0,0,0,0,0,0,0,0,1,0,0,0,0,0,0,0,0,0,0,0,0,0,0,0,0,0,0,0,0,0,0,0,0,0,0,0,0,0,0,0,0,1,0,0,0,0,0,0,0,0,0,0,0,1,0,0,0,0,0,1,0
202,True,0.680522636717736,29.767441860465116,168.4485049833887,101.05980066445183,2.181041738717659,0.3289036544850499,4.0,2.0764119601328908,1.2691029900332225,180.13953488372093,-1.2708401670091571,1357.3189368770763,False,0.6767072149677584,34.551463697415805,245.73146440958672,132.46288806997063,0.4984720375531009,1.164209946994113,7.11028384876232,2.566874608128429,1.4518697207042393,236.09182222778105,1.7023698549797015,-107.0,0,0,0,0,0,0,0,0,0,0,0,0,0,0,0,0,0,0,0,0,0,0,0,0,0,1,0,0,0,0,0,0,0,0,0,0,0,0,0,0,0,0,0,0,0,0,0,0,0,0,0,0,0,0,0,0,0,0,0,0,0,0,0,0,0,0,0,0,0,0,0,0,0,0,0,0,0,0,0,0,0,0,0,0,0,0,0,0,0,0,0,0,1,0,0,0,0,0,0,0,0,0,1,0,0
194,False,0.6263157933950424,19.0,191.25000000000003,53.699999999999996,-14.298936986923218,1.55,7.199999999999999,4.6499999999999995,0.8999999999999999,151.25,-7.578084087371826,657.65,True,0.6457181482224927,35.23446210358505,319.9209390575706,114.44852866319364,-4.042738595275362,0.9416989210861709,6.140796043256293,2.9303775496639286,1.8407932541534686,245.7136323477052,-0.8128268124326505,-115.0,0,0,0,0,0,0,0,0,0,0,0,0,0,0,0,0,0,0,0,0,0,0,0,0,1,0,0,0,0,0,0,0,0,0,0,0,0,0,0,0,0,0,0,0,0,0,0,0,0,0,0,0,0,0,0,1,0,0,0,0,0,0,0,0,0,0,0,0,0,0,0,0,0,0,0,1,0,0,0,0,0,0,0,0,0,0,0,0,0,0,0,0,0,0,0,0,0,1,0,0,0,1,0,0,0
273,True,0.6985296131136836,29.495012367761262,198.86530347932748,107.86778007949572,-0.42741532522899245,1.2180265279078346,2.8674453629795673,1.8333061326600253,1.5642436556427706,202.67732831327845,-0.2828419265030359,1238.9226214386458,False,0.633317378185361,28.60034768036614,255.7576180364669,84.79143429023249,-1.641106466410182,0.5992134903256993,6.884566186622234,3.197207409084501,0.8084249158766041,211.3893807749649,1.0946653160930806,-115.0,0,0,0,0,0,0,0,0,0,0,0,0,0,0,0,0,0,0,0,0,0,0,0,0,0,0,0,0,0,0,0,0,0,0,0,1,0,0,0,0,0,0,0,0,0,0,0,0,0,0,0,0,0,0,1,0,0,0,0,0,0,0,0,0,0,0,0,0,1,0,0,0,0,0,0,0,0,0,0,0,0,0,0,0,0,0,0,0,0,0,0,0,0,0,0,0,0,0,1,0,0,0,0,0,0
43,False,0.630834819204998,31.38863829536618,262.90376329160875,120.08977297781955,2.4174006515179207,0.6584319230652572,3.3398238136282408,1.5519536524321418,0.9741790815985797,236.85624476595197,-2.1471853432789425,1063.6464062449631,True,0.7098106824319727,31.523846727311454,232.1754624111911,143.85092563180237,8.740186470985696,0.9136383660120619,3.742621560701413,1.4030046352993635,2.334639002770391,253.02602836110347,3.8577113250033763,-110.0,0,0,0,0,0,0,0,1,0,0,0,0,0,0,0,0,0,0,0,0,0,0,0,0,0,0,0,0,0,0,0,0,0,0,0,0,0,0,0,0,1,0,0,0,0,0,0,0,0,0,0,0,0,0,0,0,0,0,0,0,0,0,0,0,0,0,0,0,0,0,0,1,0,0,0,0,0,0,0,0,0,0,0,0,0,0,0,0,0,0,0,0,0,0,0,0,0,0,1,0,0,1,0,0,0
138,True,0.6041568757291648,31.60797342192691,262.9202657807309,105.51495016611297,2.9464618181469433,0.0,4.767441860465117,2.5249169435215943,1.3289036544850499,221.3421926910299,-3.017281761795183,1041.6810631229237,False,0.7471353924284352,27.440015431199622,197.9843731693056,114.05385378126645,0.8018671687370676,1.2715264597480276,4.749951059078257,1.5923836125723263,1.8068798203655783,227.20196025446,3.844333410598323,-115.0,0,0,0,0,0,0,0,0,0,0,0,0,0,0,0,0,1,0,0,0,0,0,0,0,0,0,0,0,0,0,0,0,0,0,0,0,0,0,0,0,0,0,0,0,0,0,0,0,0,0,0,0,0,0,0,0,0,0,0,0,0,0,0,0,0,1,0,0,0,0,1,0,0,0,0,0,0,0,0,0,0,0,0,0,0,0,0,0,0,0,0,0,0,0,0,0,0,0,1,0,0,0,1,0,0
168,True,0.7516088777551873,27.849521381711163,176.01594673413766,138.05469266540274,4.752971358615018,0.44521980859620947,6.325783201291713,2.095339957924953,2.0051216652219552,229.46480754276908,8.530541793364929,1109.0732328078734,False,0.7226794299598122,27.3262140131086,209.11789686672782,96.60607259156869,1.4944841950090983,0.5908137320342431,5.182279187800816,2.4471730559623497,1.8229940971053655,224.55945531091368,4.100104514432843,-115.0,0,0,0,0,0,0,0,0,0,0,0,0,0,0,0,0,0,0,0,0,1,0,0,0,0,0,0,0,0,0,0,0,0,0,0,0,0,0,0,0,0,0,0,0,0,1,0,0,0,0,0,0,0,0,0,0,0,0,0,0,0,0,0,0,0,0,0,0,0,0,0,0,0,0,0,0,0,0,0,0,0,0,0,0,0,1,0,0,0,0,0,0,0,0,0,0,0,1,0,0,0,1,0,0,0
254,True,0.7039681915093834,30.965030948296278,268.345737633365,82.41348697467569,-3.902006115703713,0.8308596413460589,4.506687816176629,2.307351191176509,1.1482214403746631,211.1151370200165,2.5717344141237835,1019.415455663626,False,0.6989551130245928,32.44338277898755,247.47794312177797,134.2869206712647,0.6659449066766028,0.7363846160196711,6.229513059542744,2.988549345660525,1.5327824390545053,257.7316383225652,3.2101039938210527,-118.0,0,0,0,0,0,0,0,0,0,0,0,0,0,0,0,0,0,0,0,0,0,0,0,0,0,0,0,0,0,0,0,0,1,0,0,0,0,0,0,0,0,0,0,0,0,0,0,0,0,0,0,0,0,0,0,0,0,1,0,0,0,0,0,0,0,0,0,0,0,0,0,0,0,0,0,0,0,0,0,0,0,0,0,0,0,0,0,0,0,0,0,0,0,0,1,0,0,1,0,0,0,0,0,0,1
31,False,0.6374146743963727,35.285965071014225,277.2001970554805,120.7080689310088,4.777987523565204,0.509381832556428,3.326750103436908,0.9964573909989811,2.1071012705694683,234.66622442913572,-0.26381093872053046,1154.8606308156993,True,0.6153241091820439,29.104620521185815,263.383626602259,89.59205608832391,-6.640507608960685,1.3188426134341058,5.2959663331397815,2.244829861641385,1.0365180669339478,200.40004795649628,-5.522302635799143,-115.0,0,0,1,0,0,0,0,0,0,0,0,0,0,0,0,0,0,0,0,0,0,0,0,0,0,0,0,0,0,0,0,0,0,0,0,0,0,0,0,0,0,0,0,0,1,0,0,0,0,0,0,0,0,0,0,0,0,0,0,0,0,0,0,0,0,0,0,0,0,0,0,0,0,0,0,0,0,1,0,0,0,0,0,0,0,0,0,0,0,0,0,0,0,0,0,0,0,0,0,0,1,0,0,0,0
221,False,0.6240404707215291,32.29780343837693,274.5675853949618,114.63979776150697,-1.52347617952246,0.4583895106925136,3.743866722575235,1.5627729574557299,0.9152194948875916,238.7059623262265,-4.088478694547166,1121.9641325033062,True,0.7012279398789784,30.92553136396223,229.39604175854342,110.13588609640958,-2.6734970256802555,0.8565034549730519,3.762792344509882,1.9955709741892576,1.501369366877987,219.57194965089255,3.2292694426452386,-115.0,0,0,0,0,0,0,0,0,0,0,0,0,0,0,0,0,0,0,0,0,0,0,0,0,0,0,0,0,1,0,0,0,0,0,0,0,1,0,0,0,0,0,0,0,0,0,0,0,0,0,0,0,0,0,0,0,0,0,0,0,0,0,0,0,0,0,0,0,0,0,0,0,0,0,0,0,0,0,0,0,0,0,0,0,0,0,1,0,0,0,0,0,0,0,0,0,0,0,1,0,0,1,0,0,0
112,True,0.7021233210589504,33.544619179397415,238.3141636180409,113.36321632976902,7.404379464055696,0.6900858759821837,4.768288322323413,1.2392790097328763,2.039497955078029,249.78754291580935,2.7894063400823375,1215.6752476881968,False,0.67134757259983,33.77446616979206,263.5624951121885,100.53335942447377,3.2592332079724424,0.5693815392791084,4.393349658615266,1.7331246226083055,1.1606343601100737,233.65286405575264,-0.1468168473506282,-115.0,0,0,0,0,0,0,0,0,0,0,0,0,1,0,0,0,0,0,0,0,0,0,0,0,0,0,0,0,0,0,0,0,0,0,0,0,0,0,0,0,0,0,0,1,0,0,0,0,0,0,0,0,0,0,0,0,0,0,0,0,0,0,0,0,0,0,0,0,0,0,0,0,0,0,0,0,0,0,0,0,0,0,0,0,0,0,0,0,0,0,0,0,0,0,0,0,0,0,0,0,0,0,0,1,0
246,False,0.6808575476664812,27.578872896332626,266.8205697935869,89.26843796079518,6.213806725223685,0.5789583140928016,3.7792375267967624,1.3239748746650788,1.8051033303269368,256.8708631723096,8.309319037552052,943.3531750991997,True,0.6930211397126049,30.136080019971917,239.15236981763687,137.9701193445627,5.47543588715686,0.7189750677769012,5.266255101213936,2.5943586319996146,1.9305047212366355,260.09957673242457,3.6976534586459486,-115.0,0,0,0,0,0,0,0,0,0,0,0,0,0,0,0,0,0,0,0,0,0,0,0,0,0,0,0,0,0,0,0,1,0,0,0,0,0,0,0,0,0,0,0,0,0,0,0,0,0,0,0,0,0,0,0,0,0,0,0,0,0,0,1,0,0,0,0,0,0,0,0,0,0,0,0,0,0,0,0,0,0,0,0,0,0,0,0,0,0,0,0,0,0,0,0,0,1,0,1,0,0,0,1,0,0
