feature_1,feature_2,abs_corr,family
home_box_box_box_pitch_hitByPitch_last10,home_box_box_box_pitch_hitBatsmen_last10,1.0,boxscore
home_box_box_box_pitch_hitByPitch_last3,home_box_box_box_pitch_hitBatsmen_last3,1.0,boxscore
home_box_box_box_pitch_hitByPitch_last5,home_box_box_box_pitch_hitBatsmen_last5,1.0,boxscore
home_box_box_box_pitch_hitByPitch_season_to_date,home_box_box_box_pitch_hitBatsmen_season_to_date,1.0,boxscore
home_box_box_box_pitch_hitByPitch_last20,home_box_box_box_pitch_hitBatsmen_last20,1.0,boxscore
home_box_box_runs_against_last3,home_box_box_box_pitch_runs_last3,0.9999871795176493,boxscore
home_box_box_runs_for_season_to_date,home_box_box_box_bat_runs_season_to_date,0.9999863624861984,boxscore
home_box_box_runs_against_season_to_date,home_box_box_box_pitch_runs_season_to_date,0.9999851749627899,boxscore
home_box_box_runs_for_last20,home_box_box_box_bat_runs_last20,0.9999351064267017,boxscore
home_box_box_runs_for_last5,home_box_box_box_bat_runs_last5,0.9999235419740065,boxscore
home_box_box_runs_against_last5,home_box_box_box_pitch_runs_last5,0.9999151279355091,boxscore
home_box_box_runs_against_last20,home_box_box_box_pitch_runs_last20,0.999910980238796,boxscore
home_box_box_runs_for_last10,home_box_box_box_bat_runs_last10,0.9999086510194829,boxscore
home_box_box_runs_against_last10,home_box_box_box_pitch_runs_last10,0.9999009620499444,boxscore
home_box_box_runs_for_last3,home_box_box_box_bat_runs_last3,0.9997948756634782,boxscore
home_box_box_box_pitch_numberOfPitches_season_to_date,home_box_box_box_pitch_pitchesThrown_season_to_date,0.999734713320141,boxscore
home_box_box_box_pitch_inningsPitched_last3,home_box_box_box_pitch_outs_last3,0.9991819928199039,boxscore
home_box_box_box_pitch_inningsPitched_last5,home_box_box_box_pitch_outs_last5,0.999094120720545,boxscore
home_box_box_box_pitch_numberOfPitches_last3,home_box_box_box_pitch_pitchesThrown_last3,0.9989393156307779,boxscore
home_box_box_box_pitch_inningsPitched_last10,home_box_box_box_pitch_outs_last10,0.9984785645843662,boxscore
home_box_box_box_pitch_numberOfPitches_last5,home_box_box_box_pitch_pitchesThrown_last5,0.9983215491823285,boxscore
home_box_box_box_pitch_numberOfPitches_last20,home_box_box_box_pitch_pitchesThrown_last20,0.9979056715879799,boxscore
home_box_box_box_pitch_numberOfPitches_last10,home_box_box_box_pitch_pitchesThrown_last10,0.9978340390527055,boxscore
home_box_box_box_pitch_inningsPitched_last20,home_box_box_box_pitch_outs_last20,0.9977384563623831,boxscore
home_box_box_box_pitch_inningsPitched_season_to_date,home_box_box_box_pitch_outs_season_to_date,0.9950620099692441,boxscore
home_box_box_box_bat_runs_season_to_date,home_box_box_box_bat_rbi_season_to_date,0.9948403052004353,boxscore
home_box_box_runs_for_season_to_date,home_box_box_box_bat_rbi_season_to_date,0.9947723120265095,boxscore
home_box_box_box_pitch_runs_season_to_date,home_box_box_box_pitch_rbi_season_to_date,0.9932603823725913,boxscore
home_box_box_runs_against_season_to_date,home_box_box_box_pitch_rbi_season_to_date,0.993227800756999,boxscore
home_box_box_box_pitch_whip_last3,home_box_box_box_pitch_whip_last5,0.9912596650000157,boxscore
home_box_box_box_pitch_runs_last20,home_box_box_box_pitch_rbi_last20,0.990708573029051,boxscore
home_box_box_box_bat_avg_last3,home_box_box_box_bat_avg_last5,0.9906228591329808,boxscore
home_box_box_runs_against_last20,home_box_box_box_pitch_rbi_last20,0.9905179769332256,boxscore
home_box_box_box_pitch_era_last3,home_box_box_box_pitch_era_last5,0.9899712035756553,boxscore
home_box_box_box_bat_runs_last20,home_box_box_box_bat_rbi_last20,0.9897749294620581,boxscore
home_box_box_box_bat_runs_last10,home_box_box_box_bat_rbi_last10,0.9896059018402699,boxscore
home_box_box_runs_for_last20,home_box_box_box_bat_rbi_last20,0.9896014337460066,boxscore
home_box_box_box_bat_obp_last3,home_box_box_box_bat_obp_last5,0.9895442016317425,boxscore
home_box_box_box_bat_slg_last3,home_box_box_box_bat_slg_last5,0.9895229317883344,boxscore
home_box_box_box_bat_ops_last3,home_box_box_box_bat_ops_last5,0.9894589478260064,boxscore
home_box_box_runs_for_last10,home_box_box_box_bat_rbi_last10,0.9894302657062101,boxscore
home_box_box_box_pitch_runs_last10,home_box_box_box_pitch_rbi_last10,0.989371553501189,boxscore
home_box_box_runs_against_last10,home_box_box_box_pitch_rbi_last10,0.9892382725410876,boxscore
home_box_box_box_pitch_runs_last5,home_box_box_box_pitch_rbi_last5,0.9890017543556732,boxscore
home_box_box_runs_against_last5,home_box_box_box_pitch_rbi_last5,0.9889218065703937,boxscore
home_box_box_box_pitch_runs_last3,home_box_box_box_pitch_rbi_last3,0.9888735363846151,boxscore
home_box_box_runs_against_last3,home_box_box_box_pitch_rbi_last3,0.9888616085747309,boxscore
home_box_box_box_bat_runs_last5,home_box_box_box_bat_rbi_last5,0.9886839330024128,boxscore
home_box_box_runs_for_last5,home_box_box_box_bat_rbi_last5,0.9885654514724259,boxscore
home_box_box_box_bat_runs_last3,home_box_box_box_bat_rbi_last3,0.9884504061134307,boxscore
home_box_box_runs_for_last3,home_box_box_box_bat_rbi_last3,0.9881737297122429,boxscore
home_box_box_box_pitch_earnedRuns_season_to_date,home_box_box_box_pitch_rbi_season_to_date,0.9847936583451916,boxscore
home_box_box_box_pitch_whip_last5,home_box_box_box_pitch_whip_last10,0.9820540180922033,boxscore
home_box_box_box_pitch_runs_season_to_date,home_box_box_box_pitch_earnedRuns_season_to_date,0.9804326059610949,boxscore
home_box_box_runs_against_season_to_date,home_box_box_box_pitch_earnedRuns_season_to_date,0.9803629450764949,boxscore
robust_diff_elo_pre,robust_diff_elo_home_adv,1.0,elo
robust_diff_elo_home_adv,robust_elo_home_win_prob,1.0,elo
diff_elo_pre,elo_home_win_prob,1.0,elo
robust_diff_elo_pre,robust_elo_home_win_prob,1.0,elo
diff_starter_starter_statcast_sc_max_velo_last10,diff_starter_starter_statcast_sc_max_velo_last20,0.9921925544535924,elo
away_starter_starter_statcast_sc_max_velo_last3,away_starter_starter_statcast_sc_max_velo_last5,0.9920992759083291,elo
home_starter_starter_statcast_sc_max_velo_last10,home_starter_starter_statcast_sc_max_velo_last20,0.9920147308872711,elo
home_starter_starter_statcast_sc_max_velo_last3,home_starter_starter_statcast_sc_max_velo_last5,0.9919952943644156,elo
away_starter_starter_statcast_sc_max_velo_last10,away_starter_starter_statcast_sc_max_velo_last20,0.9919009324218955,elo
diff_starter_starter_statcast_sc_max_velo_last3,diff_starter_starter_statcast_sc_max_velo_last5,0.9918750276998465,elo
home_starter_starter_statcast_sc_max_velo_last5,home_starter_starter_statcast_sc_max_velo_last10,0.9909915301442308,elo
away_starter_starter_statcast_sc_max_velo_last5,away_starter_starter_statcast_sc_max_velo_last10,0.9907744973807854,elo
diff_starter_starter_statcast_sc_max_velo_last5,diff_starter_starter_statcast_sc_max_velo_last10,0.9905719538972797,elo
home_starter_starter_statcast_sc_max_velo_season_to_date,home_starter_starter_statcast_sc_max_velo_last20,0.9880989497323842,elo
away_starter_starter_statcast_sc_max_velo_season_to_date,away_starter_starter_statcast_sc_max_velo_last20,0.9877805811476293,elo
diff_starter_starter_statcast_sc_max_velo_season_to_date,diff_starter_starter_statcast_sc_max_velo_last20,0.9875733545217864,elo
away_starter_starter_statcast_sc_avg_velo_last10,away_starter_starter_statcast_sc_avg_velo_last20,0.9872200087833479,elo
home_starter_starter_statcast_sc_avg_velo_last10,home_starter_starter_statcast_sc_avg_velo_last20,0.987075195115244,elo
away_starter_starter_statcast_sc_avg_velo_last3,away_starter_starter_statcast_sc_avg_velo_last5,0.9866425244311658,elo
home_starter_starter_statcast_sc_avg_velo_last3,home_starter_starter_statcast_sc_avg_velo_last5,0.9865256654970461,elo
diff_starter_starter_statcast_sc_avg_velo_last10,diff_starter_starter_statcast_sc_avg_velo_last20,0.9864141107343253,elo
diff_starter_starter_statcast_sc_avg_velo_last3,diff_starter_starter_statcast_sc_avg_velo_last5,0.9858337125426875,elo
home_starter_starter_statcast_sc_avg_velo_last5,home_starter_starter_statcast_sc_avg_velo_last10,0.9850554799521583,elo
away_starter_starter_statcast_sc_avg_velo_last5,away_starter_starter_statcast_sc_avg_velo_last10,0.9846573889775352,elo
diff_starter_starter_statcast_sc_avg_velo_last5,diff_starter_starter_statcast_sc_avg_velo_last10,0.983776633976899,elo
home_starter_starter_statcast_sc_max_velo_last3,home_starter_starter_statcast_sc_max_velo_last10,0.9806422832389894,elo
away_starter_starter_statcast_sc_max_velo_last3,away_starter_starter_statcast_sc_max_velo_last10,0.9801543874790812,elo
home_starter_starter_statcast_sc_avg_velo_season_to_date,home_starter_starter_statcast_sc_avg_velo_last20,0.9800700556843236,elo
diff_starter_starter_statcast_sc_avg_extension_last10,diff_starter_starter_statcast_sc_avg_extension_last20,0.9953260608698442,starter
home_starter_starter_statcast_sc_avg_extension_last10,home_starter_starter_statcast_sc_avg_extension_last20,0.9950919362679145,starter
away_starter_starter_statcast_sc_avg_extension_last10,away_starter_starter_statcast_sc_avg_extension_last20,0.9950079473856323,starter
diff_starter_starter_statcast_sc_avg_extension_last3,diff_starter_starter_statcast_sc_avg_extension_last5,0.9949678140957342,starter
away_starter_starter_statcast_sc_avg_extension_last3,away_starter_starter_statcast_sc_avg_extension_last5,0.9948446757427275,starter
home_starter_starter_statcast_sc_avg_extension_last3,home_starter_starter_statcast_sc_avg_extension_last5,0.994762584506567,starter
diff_starter_starter_statcast_sc_avg_extension_last5,diff_starter_starter_statcast_sc_avg_extension_last10,0.9945378306700622,starter
home_starter_starter_statcast_sc_avg_extension_last5,home_starter_starter_statcast_sc_avg_extension_last10,0.9943278862349944,starter
away_starter_starter_statcast_sc_avg_extension_last5,away_starter_starter_statcast_sc_avg_extension_last10,0.9941436522682062,starter
diff_starter_starter_statcast_sc_avg_extension_season_to_date,diff_starter_starter_statcast_sc_avg_extension_last20,0.9922351006376863,starter
away_starter_starter_statcast_sc_avg_extension_season_to_date,away_starter_starter_statcast_sc_avg_extension_last20,0.9919940295883527,starter
home_starter_starter_statcast_sc_avg_extension_season_to_date,home_starter_starter_statcast_sc_avg_extension_last20,0.9917820700090508,starter
away_starter_starter_statcast_sc_avg_spin_last3,away_starter_starter_statcast_sc_avg_spin_last5,0.9915720727340038,starter
away_starter_starter_statcast_sc_avg_spin_last10,away_starter_starter_statcast_sc_avg_spin_last20,0.9914807410359538,starter
home_starter_starter_statcast_sc_avg_spin_last10,home_starter_starter_statcast_sc_avg_spin_last20,0.9914595792568728,starter
diff_starter_starter_statcast_sc_avg_spin_last10,diff_starter_starter_statcast_sc_avg_spin_last20,0.9912662698506336,starter
home_starter_starter_statcast_sc_avg_spin_last3,home_starter_starter_statcast_sc_avg_spin_last5,0.9910972388330407,starter
diff_starter_starter_statcast_sc_avg_spin_last3,diff_starter_starter_statcast_sc_avg_spin_last5,0.991094703651709,starter
home_starter_starter_statcast_sc_avg_spin_last5,home_starter_starter_statcast_sc_avg_spin_last10,0.9901485037305894,starter
away_starter_starter_statcast_sc_avg_spin_last5,away_starter_starter_statcast_sc_avg_spin_last10,0.989884269640183,starter
diff_starter_starter_statcast_sc_avg_spin_last5,diff_starter_starter_statcast_sc_avg_spin_last10,0.9895312686905644,starter
diff_starter_starter_statcast_sc_avg_extension_last3,diff_starter_starter_statcast_sc_avg_extension_last10,0.9880696003201245,starter
home_starter_starter_statcast_sc_avg_extension_last3,home_starter_starter_statcast_sc_avg_extension_last10,0.9875808446732867,starter
diff_starter_starter_statcast_sc_avg_extension_last5,diff_starter_starter_statcast_sc_avg_extension_last20,0.9875267214722748,starter
away_starter_starter_statcast_sc_avg_extension_last3,away_starter_starter_statcast_sc_avg_extension_last10,0.9874658464048831,starter
home_starter_starter_statcast_sc_avg_extension_last5,home_starter_starter_statcast_sc_avg_extension_last20,0.9870052957717522,starter
away_starter_starter_statcast_sc_avg_extension_last5,away_starter_starter_statcast_sc_avg_extension_last20,0.9867819057484212,starter
diff_starter_starter_statcast_sc_avg_extension_season_to_date,diff_starter_starter_statcast_sc_avg_extension_last10,0.985069065919667,starter
away_starter_starter_statcast_sc_avg_extension_season_to_date,away_starter_starter_statcast_sc_avg_extension_last10,0.9844975833374614,starter
diff_starter_starter_statcast_sc_avg_spin_season_to_date,diff_starter_starter_statcast_sc_avg_spin_last20,0.9843449588932316,starter
home_starter_starter_statcast_sc_avg_extension_season_to_date,home_starter_starter_statcast_sc_avg_extension_last10,0.9840245641398858,starter
home_starter_starter_statcast_sc_avg_spin_season_to_date,home_starter_starter_statcast_sc_avg_spin_last20,0.9836375340593754,starter
away_starter_starter_statcast_sc_avg_spin_season_to_date,away_starter_starter_statcast_sc_avg_spin_last20,0.9833610320844237,starter
diff_starter_starter_statcast_sc_avg_extension_last3,diff_starter_starter_statcast_sc_avg_extension_last20,0.9808804816268087,starter
away_starter_starter_statcast_sc_pitchmix_entropy_last10,away_starter_starter_statcast_sc_pitchmix_entropy_last20,0.980302666495164,starter
diff_starter_starter_statcast_sc_pitchmix_entropy_last10,diff_starter_starter_statcast_sc_pitchmix_entropy_last20,0.9801075861566176,starter
home_starter_starter_statcast_sc_avg_extension_last3,home_starter_starter_statcast_sc_avg_extension_last20,0.9800245361974882,starter
