family,features,avg_missing,median_missing,pct_features_gt_50_missing,pct_features_gt_90_missing
pitchmix,290,0.08842956555991399,0.0074964302712993815,0.07586206896551724,0.0
starter,279,0.040891092993778355,0.043312708234174206,0.0,0.0
elo,40,0.025166587339362213,0.028676820561637315,0.0,0.0
statcast,225,0.007377439314612089,0.007377439314612089,0.0,0.0
boxscore,1050,0.006425511661113755,0.006425511661113755,0.0,0.0
team_form,84,0.005099612429455361,0.006425511661113755,0.0,0.0
diff_features,16,0.0017848643503093765,0.0017848643503093765,0.0,0.0
odds_market,12,0.0017848643503093765,0.0017848643503093765,0.0,0.0
other,36,0.0015865460891638901,0.0017848643503093765,0.0,0.0
