model_name,feature_set,estimator,feature_count,log_loss,brier,accuracy,auc,avg_pred,actual_mean,n,accuracy_tuned_threshold,tuned_threshold,validation_accuracy_at_tuned_threshold
elo_only__extra_trees,elo_only,extra_trees,40,0.6834239175844636,0.24523684664326764,0.5484449760765551,0.5655485593036502,0.5281286279135579,0.5316985645933014,1672,0.5472488038277512,0.5100000000000001,0.5557217651458489
starter_plus_team__random_forest,starter_plus_team,random_forest,422,0.6837902919943915,0.24546836305233755,0.5508373205741627,0.55915855345668,0.529447025131583,0.5316985645933014,1672,0.5382775119617225,0.5150000000000001,0.5519820493642483
accuracy_core_no_box__random_forest,accuracy_core_no_box,random_forest,949,0.6841658225315881,0.2456531616477927,0.5394736842105263,0.5552840377711407,0.5298626553781448,0.5316985645933014,1672,0.5460526315789473,0.4600000000000001,0.556469708302169
full_non_market__extra_trees,full_non_market,extra_trees,1987,0.6845739553346527,0.24580148343420571,0.5514354066985646,0.5576271356884988,0.5298007618993746,0.5316985645933014,1672,0.5574162679425837,0.4900000000000001,0.5594614809274495
full_non_market__random_forest,full_non_market,random_forest,1987,0.6846259191713618,0.2458713308677618,0.5394736842105263,0.5567479352437267,0.5304728774792498,0.5316985645933014,1672,0.5478468899521531,0.4600000000000001,0.5587135377711294
all_clean__extra_trees,all_clean,extra_trees,2032,0.684699614459869,0.24586346347338134,0.5472488038277512,0.5566545561115206,0.5303016621841562,0.5316985645933014,1672,0.541267942583732,0.4900000000000001,0.5534779356768885
accuracy_core_no_box__random_forest_accuracy,accuracy_core_no_box,random_forest_accuracy,949,0.684913552276238,0.24600343161125712,0.527511961722488,0.5528389411093728,0.5163715427394404,0.5316985645933014,1672,0.5478468899521531,0.4600000000000001,0.550486163051608
starter_plus_team__extra_trees,starter_plus_team,extra_trees,422,0.6849605451600725,0.24600001966991233,0.5520334928229665,0.5541735443989041,0.528856337164741,0.5316985645933014,1672,0.52811004784689,0.5250000000000001,0.5587135377711294
elo_only__extra_trees_accuracy,elo_only,extra_trees_accuracy,40,0.6849914434006357,0.24598838360861347,0.5532296650717703,0.5672681719382778,0.5038464670709903,0.5316985645933014,1672,0.5472488038277512,0.43500000000000005,0.5572176514584891
accuracy_core_no_box__extra_trees,accuracy_core_no_box,extra_trees,949,0.68499262991558,0.24600431223754324,0.5484449760765551,0.5533848498822704,0.5301395051088617,0.5316985645933014,1672,0.5418660287081339,0.4700000000000001,0.5557217651458489
statcast_team_plus_pitchmix__extra_trees,statcast_team_plus_pitchmix,extra_trees,658,0.6852585933653094,0.2461273163290596,0.5502392344497608,0.5555900340043701,0.5305260605623959,0.5316985645933014,1672,0.5406698564593302,0.44500000000000006,0.5512341062079282
all_clean__random_forest,all_clean,random_forest,2032,0.685430383935157,0.24627553352126685,0.541267942583732,0.5512787913005127,0.5304053892838054,0.5316985645933014,1672,0.5484449760765551,0.4800000000000001,0.5557217651458489
starter_plus_team__extra_trees_accuracy,starter_plus_team,extra_trees_accuracy,422,0.6855382483038556,0.24628598634736734,0.5370813397129187,0.5573599277101856,0.507858531469107,0.5316985645933014,1672,0.5293062200956937,0.5050000000000001,0.5519820493642483
statcast_team_plus_pitchmix__random_forest,statcast_team_plus_pitchmix,random_forest,658,0.6855571851645528,0.24630004793867677,0.5466507177033493,0.5521163302863004,0.5322639740104342,0.5316985645933014,1672,0.5502392344497608,0.4750000000000001,0.5557217651458489
accuracy_core_no_box__extra_trees_accuracy,accuracy_core_no_box,extra_trees_accuracy,949,0.685589201163358,0.24629701817426264,0.5322966507177034,0.5559118328599729,0.5092208661737041,0.5316985645933014,1672,0.5460526315789473,0.45000000000000007,0.5572176514584891
market_elo_cluster__random_forest,market_elo_cluster,random_forest,55,0.6857205892158823,0.2463294488280786,0.5478468899521531,0.5572464361495042,0.5317447774687128,0.5316985645933014,1672,0.5328947368421053,0.41000000000000003,0.5489902767389678
statcast_team_plus_pitchmix__extra_trees_accuracy,statcast_team_plus_pitchmix,extra_trees_accuracy,658,0.685777778005639,0.24637847753700584,0.5382775119617225,0.5561862238484557,0.5093975013495107,0.5316985645933014,1672,0.5490430622009569,0.4700000000000001,0.5549738219895288
robust_elo_only__logistic_l2,robust_elo_only,logistic_l2,6,0.6858111166193595,0.24640606550051056,0.5496411483253588,0.5555067110864016,0.5272823488737627,0.5316985645933014,1672,0.5352870813397129,0.405,0.5527299925205684
statcast_team_plus_pitchmix__random_forest_accuracy,statcast_team_plus_pitchmix,random_forest_accuracy,658,0.6859882236623899,0.2465188282615757,0.5352870813397129,0.5496812898387702,0.5174103948502378,0.5316985645933014,1672,0.5472488038277512,0.45500000000000007,0.5467464472700074
full_non_market__extra_trees_accuracy,full_non_market,extra_trees_accuracy,1987,0.6861039352390259,0.24653486765481147,0.5436602870813397,0.5560382538389597,0.5105670393045415,0.5316985645933014,1672,0.5466507177033493,0.44500000000000006,0.5587135377711294
starter_plus_team__random_forest_accuracy,starter_plus_team,random_forest_accuracy,422,0.6862560780509086,0.24663295325069606,0.5316985645933014,0.5539178292368626,0.5154197666377911,0.5316985645933014,1672,0.5305023923444976,0.44000000000000006,0.5489902767389678
full_non_market__random_forest_accuracy,full_non_market,random_forest_accuracy,1987,0.6865860081157766,0.24680274324452056,0.5316985645933014,0.5516207025845907,0.5165973530281274,0.5316985645933014,1672,0.5394736842105263,0.44000000000000006,0.5549738219895288
team_form_plus_elo__extra_trees,team_form_plus_elo,extra_trees,143,0.6865958599838141,0.24677588584213553,0.5454545454545454,0.5529711084964954,0.5302288479580622,0.5316985645933014,1672,0.5424641148325359,0.4700000000000001,0.5579655946148093
elo_only__random_forest,elo_only,random_forest,40,0.6867408484076709,0.24691354671926766,0.5293062200956937,0.550662489027952,0.5277841503267713,0.5316985645933014,1672,0.5424641148325359,0.42000000000000004,0.5534779356768885
all_clean__extra_trees_accuracy,all_clean,extra_trees_accuracy,2032,0.686804096020471,0.24688303646250964,0.5221291866028708,0.5507630511703279,0.5103150505987004,0.5316985645933014,1672,0.5448564593301436,0.44000000000000006,0.5527299925205684
all_clean__random_forest_accuracy,all_clean,random_forest_accuracy,2032,0.68690595091825,0.24696951493404873,0.5364832535885168,0.5498694847052165,0.5168149020000191,0.5316985645933014,1672,0.5370813397129187,0.4700000000000001,0.5542258788332087
market_elo_cluster__extra_trees,market_elo_cluster,extra_trees,55,0.6870302494196138,0.24697936215145577,0.555622009569378,0.5543373170307734,0.5303994833219918,0.5316985645933014,1672,0.5484449760765551,0.45500000000000007,0.5632011967090501
team_form_plus_elo__random_forest,team_form_plus_elo,random_forest,143,0.6876760568749151,0.24731668970886467,0.5424641148325359,0.5472979670644618,0.5317738376158915,0.5316985645933014,1672,0.5299043062200957,0.42000000000000004,0.5474943904263276
market_elo_cluster__random_forest_accuracy,market_elo_cluster,random_forest_accuracy,55,0.6880996363766624,0.24748688343359548,0.5293062200956937,0.5504412523147251,0.5169280871745652,0.5316985645933014,1672,0.5442583732057417,0.44500000000000006,0.5497382198952879
accuracy_core_no_box__hist_gbdt,accuracy_core_no_box,hist_gbdt,949,0.688122021124021,0.24752089009081088,0.5370813397129187,0.5498924703377595,0.5350585866687069,0.5316985645933014,1672,0.5460526315789473,0.4800000000000001,0.5459985041136873
elo_only__logistic_l2,elo_only,logistic_l2,40,0.688309822246622,0.24764639860010776,0.5388755980861244,0.5477950313682054,0.5284851644631132,0.5316985645933014,1672,0.5340909090909091,0.41000000000000003,0.5557217651458489
all_clean__xgboost_logloss,all_clean,xgboost_logloss,2032,0.6885662980823661,0.2477779308542089,0.5322966507177034,0.5522370048571514,0.5336323438399431,0.5316985645933014,1672,0.5322966507177034,0.5000000000000001,0.537771129394166
elo_only__random_forest_accuracy,elo_only,random_forest_accuracy,40,0.6891999778858753,0.2480390493939704,0.5418660287081339,0.551883600756802,0.5123255247664587,0.5316985645933014,1672,0.5430622009569378,0.405,0.5594614809274495
team_form_plus_elo__extra_trees_accuracy,team_form_plus_elo,extra_trees_accuracy,143,0.6892056275292474,0.24804438306836146,0.5424641148325359,0.5478898471024456,0.5083547236114735,0.5316985645933014,1672,0.5388755980861244,0.42500000000000004,0.5609573672400897
accuracy_core_no_box__xgboost_logloss,accuracy_core_no_box,xgboost_logloss,949,0.6894542857742754,0.24816646588729607,0.5352870813397129,0.5495405028394439,0.5328851381593058,0.5316985645933014,1672,0.5227272727272727,0.5350000000000001,0.5362752430815259
team_form_plus_elo__random_forest_accuracy,team_form_plus_elo,random_forest_accuracy,143,0.6895194254492195,0.24818339214463525,0.5293062200956937,0.5470163930658093,0.5164650145685405,0.5316985645933014,1672,0.5340909090909091,0.44500000000000006,0.5512341062079282
market_elo_cluster__extra_trees_accuracy,market_elo_cluster,extra_trees_accuracy,55,0.6895410879533908,0.24817507812998466,0.5370813397129187,0.5532081478320956,0.5075346519560571,0.5316985645933014,1672,0.5442583732057417,0.4,0.5594614809274495
full_non_market__xgboost_logloss,full_non_market,xgboost_logloss,1987,0.6895996230441594,0.2482614912843407,0.5478468899521531,0.550418266682182,0.533396181913369,0.5316985645933014,1672,0.5221291866028708,0.5200000000000001,0.5422587883320867
robust_elo_only__extra_trees,robust_elo_only,extra_trees,6,0.6896606186307167,0.24828148327615365,0.5358851674641149,0.5368402225583871,0.5266446773206523,0.5316985645933014,1672,0.5340909090909091,0.44000000000000006,0.550486163051608
market_elo_cluster__logistic_l2,market_elo_cluster,logistic_l2,55,0.6897069412293495,0.24830707030493684,0.5352870813397129,0.5447479984542162,0.5295650041991107,0.5316985645933014,1672,0.5340909090909091,0.405,0.5482423335826477
starter_plus_team__xgboost_logloss,starter_plus_team,xgboost_logloss,422,0.6899613191840442,0.24845218574284797,0.5394736842105263,0.550171171132344,0.5314687945697296,0.5316985645933014,1672,0.534688995215311,0.43500000000000005,0.5489902767389678
all_clean__hist_gbdt,all_clean,hist_gbdt,2032,0.6900322881474621,0.24852308796214506,0.541267942583732,0.5431878486453561,0.5335667458299997,0.5316985645933014,1672,0.5185406698564593,0.5500000000000002,0.5400149588631264
elo_only__xgboost_logloss,elo_only,xgboost_logloss,40,0.690125394686059,0.24852548330640195,0.5376794258373205,0.5418015276826028,0.5283923636426766,0.5316985645933014,1672,0.5430622009569378,0.45500000000000007,0.5542258788332087
statcast_team_plus_pitchmix__xgboost_logloss,statcast_team_plus_pitchmix,xgboost_logloss,658,0.6903631306746963,0.24865603385907353,0.534688995215311,0.5375563686723068,0.5344400749715607,0.5316985645933014,1672,0.5448564593301436,0.42000000000000004,0.5385190725504861
full_non_market__hist_gbdt,full_non_market,hist_gbdt,1987,0.6914288006369492,0.24912901727802203,0.5328947368421053,0.5431002159212858,0.5354190803959288,0.5316985645933014,1672,0.527511961722488,0.5400000000000001,0.537771129394166
robust_elo_only__xgboost_logloss,robust_elo_only,xgboost_logloss,6,0.6920492887083337,0.24933474270358674,0.5364832535885168,0.534545969110183,0.5270078805359927,0.5316985645933014,1672,0.5424641148325359,0.4750000000000001,0.5474943904263276
team_form_plus_elo__hist_gbdt,team_form_plus_elo,hist_gbdt,143,0.6920495967413917,0.2494378324888978,0.5305023923444976,0.5432611153490872,0.5303007413525647,0.5316985645933014,1672,0.5322966507177034,0.405,0.5579655946148093
market_elo_cluster__xgboost_logloss,market_elo_cluster,xgboost_logloss,55,0.6920701316508615,0.24942696408664158,0.5358851674641149,0.5342450009840723,0.532742028405364,0.5316985645933014,1672,0.5436602870813397,0.45000000000000007,0.5542258788332087
team_form_plus_elo__xgboost_logloss,team_form_plus_elo,xgboost_logloss,143,0.6924568243821945,0.24963936229209266,0.527511961722488,0.5359624587156491,0.5326141989901305,0.5316985645933014,1672,0.5287081339712919,0.42000000000000004,0.5639491398653702
starter_plus_team__hist_gbdt,starter_plus_team,hist_gbdt,422,0.6933997542424425,0.24996505571874458,0.5364832535885168,0.5476039632976912,0.529210989637645,0.5316985645933014,1672,0.5328947368421053,0.45000000000000007,0.5415108451757666
statcast_team_plus_pitchmix__hist_gbdt,statcast_team_plus_pitchmix,hist_gbdt,658,0.6938346095996826,0.2503371342528224,0.5257177033492823,0.5283894110937282,0.5346011638788247,0.5316985645933014,1672,0.5352870813397129,0.45500000000000007,0.5489902767389678
elo_only__hist_gbdt,elo_only,hist_gbdt,40,0.6940666450990784,0.25027927864280075,0.5293062200956937,0.5333169560701464,0.5321321004667441,0.5316985645933014,1672,0.5376794258373205,0.4600000000000001,0.5549738219895288
market_elo_cluster__hist_gbdt,market_elo_cluster,hist_gbdt,55,0.6949183965762578,0.25063447398036764,0.5328947368421053,0.5348727960729046,0.5306827038968102,0.5316985645933014,1672,0.5293062200956937,0.42000000000000004,0.5527299925205684
team_form_plus_elo__logistic_l2,team_form_plus_elo,logistic_l2,143,0.6950243767832904,0.2508841801144184,0.520933014354067,0.5324377556253743,0.5257057655542059,0.5316985645933014,1672,0.5364832535885168,0.4,0.5385190725504861
robust_elo_only__extra_trees_accuracy,robust_elo_only,extra_trees_accuracy,6,0.6953151349753133,0.2510476018907561,0.5143540669856459,0.5273320719967475,0.5015746010839789,0.5316985645933014,1672,0.5388755980861244,0.42500000000000004,0.5527299925205684
robust_elo_only__hist_gbdt,robust_elo_only,hist_gbdt,6,0.6977187131542608,0.2520478606678263,0.5161483253588517,0.5184316040954651,0.528127363391957,0.5316985645933014,1672,0.520933014354067,0.4950000000000001,0.5467464472700074
robust_elo_only__random_forest,robust_elo_only,random_forest,6,0.703746384882776,0.254957010784007,0.5197368421052632,0.5159972819489518,0.5277999602619996,0.5316985645933014,1672,0.5173444976076556,0.4950000000000001,0.5445026178010471
starter_plus_team__logistic_l2,starter_plus_team,logistic_l2,422,0.7116346979638165,0.2580244359133537,0.5239234449760766,0.5322222653202833,0.5204948015646241,0.5316985645933014,1672,0.5293062200956937,0.43000000000000005,0.5347793567688855
statcast_team_plus_pitchmix__logistic_l2,statcast_team_plus_pitchmix,logistic_l2,658,0.7151827407648575,0.25940081354292377,0.527511961722488,0.542460928016182,0.5175804723195623,0.5316985645933014,1672,0.5526315789473685,0.4,0.5228122662677637
robust_elo_only__random_forest_accuracy,robust_elo_only,random_forest_accuracy,6,0.7186422547141091,0.2615944418518676,0.49820574162679426,0.5099965952531795,0.513244779394766,0.5316985645933014,1672,0.5197368421052632,0.44500000000000006,0.5407629020194465
accuracy_core_no_box__logistic_l2,accuracy_core_no_box,logistic_l2,949,0.7398130406698332,0.26839646246868265,0.5269138755980861,0.5379241387929956,0.514289688890288,0.5316985645933014,1672,0.52811004784689,0.4,0.5190725504861631
full_non_market__logistic_l2,full_non_market,logistic_l2,1987,0.8217723362838085,0.29309316791128803,0.5203349282296651,0.5342737330247511,0.535273732686733,0.5316985645933014,1672,0.5293062200956937,0.4,0.5041136873597607
all_clean__logistic_l2,all_clean,logistic_l2,2032,0.8238405705528531,0.2940892647996455,0.5107655502392344,0.5328127087562331,0.5295612178801349,0.5316985645933014,1672,0.5305023923444976,0.4,0.4951383694839192
